Date,Time,BTC,ETH,ADA,LTC,USDT
18-01-2024,08:07:24,42643,2527.08,0.5235,69.41,0.9993
18-01-2024,08:09:20,42643,2527.08,0.5235,69.41,0.9993
18-01-2024,08:10:04,42643,2527.08,0.5235,69.41,0.9993
19-01-2024,14:27:47,41301.6,2470.14,0.4987,68.52,0.9988
19-01-2024,14:28:50,41301.6,2470.14,0.4989,68.52,0.9988
19-01-2024,14:29:52,41301.6,2470.14,0.4986,68.52,0.9988
19-01-2024,14:30:54,41231,2470.16,0.4987,68.48,0.9988
19-01-2024,14:36:02,41305.3,2474.81,0.4993,68.61,0.9988
19-01-2024,14:37:02,41305.3,2474.81,0.4993,68.61,0.9988
19-01-2024,14:38:02,41305.3,2474.81,0.4993,68.61,0.9988
19-01-2024,14:39:01,41305.3,2474.81,0.4992,68.61,0.9988
19-01-2024,14:40:02,41305.3,2474.81,0.4994,68.61,0.9988
19-01-2024,14:59:00,41282.6,2475.02,0.5,68.77,0.9989
19-01-2024,14:59:59,41282.6,2475.02,0.5,68.77,0.9989
19-01-2024,15:00:59,41259.5,2473.59,0.4997,68.71,0.9989
19-01-2024,15:01:59,41259.5,2473.59,0.4997,68.71,0.9989
19-01-2024,15:02:59,41259.5,2473.59,0.4994,68.71,0.9989
19-01-2024,15:03:59,41259.5,2473.59,0.499,68.71,0.9989
19-01-2024,15:04:59,41259.5,2473.59,0.4987,68.71,0.9989
19-01-2024,15:05:59,41216,2471.94,0.4987,68.62,0.9989
19-01-2024,15:06:59,41216,2471.94,0.4986,68.62,0.9989
19-01-2024,15:07:59,41216,2471.94,0.4987,68.62,0.9989
19-01-2024,15:08:59,41216,2471.94,0.4988,68.62,0.9989
19-01-2024,15:09:59,41216,2471.94,0.4985,68.62,0.9989
19-01-2024,15:10:59,41212.9,2473.16,0.4984,68.54,0.9989
19-01-2024,15:11:59,41212.9,2473.16,0.4983,68.54,0.9989
19-01-2024,15:12:59,41212.9,2473.16,0.4977,68.54,0.9989
19-01-2024,15:14:00,41212.9,2473.16,0.4976,68.54,0.9988
19-01-2024,15:15:00,41212.9,2473.16,0.4976,68.54,0.9988
19-01-2024,15:15:59,41271.5,2474.17,0.4975,68.58,0.9988
19-01-2024,15:17:00,41271.5,2474.17,0.4976,68.58,0.9988
19-01-2024,15:17:59,41271.5,2474.17,0.4977,68.58,0.9988
19-01-2024,15:18:59,41271.5,2474.17,0.4977,68.58,0.9988
19-01-2024,15:19:59,41271.5,2474.17,0.4981,68.58,0.9988
19-01-2024,15:21:00,41306.6,2477.1,0.498,68.6,0.9988
19-01-2024,15:22:00,41306.6,2477.1,0.4982,68.6,0.9988
19-01-2024,15:22:59,41306.6,2477.1,0.4982,68.6,0.9988
19-01-2024,15:23:59,41306.6,2477.1,0.4984,68.6,0.9989
19-01-2024,15:24:59,41306.6,2477.1,0.4988,68.6,0.9989
19-01-2024,15:26:00,41327.6,2477.94,0.4989,68.69,0.9989
19-01-2024,15:27:00,41327.6,2477.94,0.4992,68.69,0.9989
19-01-2024,15:28:00,41327.6,2477.94,0.4992,68.69,0.9989
19-01-2024,15:28:59,41327.6,2477.94,0.4992,68.69,0.9989
19-01-2024,15:29:59,41327.6,2477.94,0.4992,68.69,0.9989
19-01-2024,15:31:00,41341.4,2479.01,0.4992,68.72,0.9989
19-01-2024,15:31:59,41341.4,2479.01,0.4991,68.72,0.9989
19-01-2024,15:32:59,41341.4,2479.01,0.499,68.72,0.9989
19-01-2024,15:33:59,41341.4,2479.01,0.4992,68.72,0.9989
19-01-2024,15:34:59,41341.4,2479.01,0.4992,68.72,0.9989
19-01-2024,15:35:59,41354.4,2482.17,0.4996,68.74,0.9989
19-01-2024,15:36:59,41354.4,2482.17,0.4999,68.74,0.9989
19-01-2024,15:38:00,41354.4,2482.17,0.4997,68.74,0.9989
19-01-2024,15:38:58,41354.4,2482.17,0.4999,68.74,0.9989
19-01-2024,15:39:59,41354.4,2482.17,0.4999,68.74,0.9989
19-01-2024,15:40:59,41372.9,2483.17,0.4996,68.77,0.9989
19-01-2024,15:42:00,41372.9,2483.17,0.4995,68.77,0.9989
19-01-2024,15:42:59,41372.9,2483.17,0.4991,68.77,0.9989
19-01-2024,15:43:59,41372.9,2483.17,0.4993,68.77,0.999
19-01-2024,15:44:59,41372.9,2483.17,0.4992,68.77,0.999
19-01-2024,15:45:59,41389.6,2486.1,0.4991,68.89,0.9989
19-01-2024,15:46:59,41389.6,2486.1,0.4996,68.89,0.9989
19-01-2024,15:48:00,41389.6,2486.1,0.5002,68.89,0.9989
19-01-2024,15:48:59,41389.6,2486.1,0.4999,68.89,0.9989
19-01-2024,15:50:00,41389.6,2486.1,0.5,68.89,0.9989
19-01-2024,15:50:59,41405.4,2490.23,0.4999,68.89,0.9989
19-01-2024,15:51:59,41405.4,2490.23,0.4999,68.89,0.9989
19-01-2024,15:52:59,41405.4,2490.23,0.5,68.89,0.999
19-01-2024,15:53:59,41405.4,2490.23,0.4999,68.89,0.9989
19-01-2024,15:54:59,41405.4,2490.23,0.4999,68.89,0.9989
19-01-2024,15:55:59,41357.5,2487.29,0.4995,68.89,0.9989
19-01-2024,15:56:59,41357.5,2487.29,0.4995,68.89,0.9989
19-01-2024,15:57:59,41357.5,2487.29,0.5002,68.89,0.9989
19-01-2024,15:59:00,41357.5,2487.29,0.5001,68.89,0.9989
19-01-2024,16:00:00,41357.5,2487.29,0.5001,68.89,0.9989
19-01-2024,16:00:59,41368.8,2485.96,0.5001,69.01,0.9989
19-01-2024,16:02:00,41368.8,2485.96,0.4999,69.01,0.9989
19-01-2024,16:02:59,41368.8,2485.96,0.4999,69.01,0.9989
19-01-2024,16:03:59,41368.8,2485.96,0.5003,69.01,0.9989
19-01-2024,16:04:59,41368.8,2485.96,0.5004,69.01,0.9989
19-01-2024,16:05:59,41324.9,2483.67,0.4997,68.9,0.9989
19-01-2024,16:06:59,41324.9,2483.67,0.5001,68.9,0.9989
19-01-2024,16:07:59,41324.9,2483.67,0.5002,68.9,0.9989
19-01-2024,16:09:00,41324.9,2483.67,0.5001,68.9,0.9989
19-01-2024,16:09:59,41324.9,2483.67,0.5,68.9,0.9989
19-01-2024,16:10:59,41323.3,2483.11,0.4997,68.93,0.9989
19-01-2024,16:12:00,41323.3,2483.11,0.4997,68.93,0.9989
19-01-2024,16:12:59,41323.3,2483.11,0.4997,68.93,0.9989
19-01-2024,16:13:59,41323.3,2483.11,0.4997,68.93,0.9989
19-01-2024,16:15:00,41323.3,2483.11,0.4998,68.93,0.9989
19-01-2024,16:15:59,41311.1,2482.55,0.4998,68.93,0.9989
19-01-2024,16:17:00,41311.1,2482.55,0.4993,68.93,0.9989
19-01-2024,16:18:00,41311.1,2482.55,0.4996,68.93,0.9989
19-01-2024,16:19:00,41311.1,2482.55,0.4991,68.93,0.9989
19-01-2024,16:19:59,41311.1,2482.55,0.4991,68.93,0.9989
19-01-2024,16:21:00,41338.1,2484.55,0.4995,68.9,0.9989
19-01-2024,16:21:59,41338.1,2484.55,0.4995,68.9,0.9989
19-01-2024,16:22:59,41338.1,2484.55,0.4997,68.9,0.9989
19-01-2024,16:23:59,41338.1,2484.55,0.4998,68.9,0.9989
19-01-2024,16:25:00,41338.1,2484.55,0.4998,68.9,0.9989
19-01-2024,16:25:59,41387.5,2485.55,0.4997,68.95,0.9989
19-01-2024,16:26:59,41387.5,2485.55,0.4999,68.95,0.9989
19-01-2024,16:27:59,41387.5,2485.55,0.4997,68.95,0.9989
19-01-2024,16:28:59,41387.5,2485.55,0.5,68.95,0.9989
19-01-2024,16:30:00,41387.5,2485.55,0.5002,68.95,0.9989
19-01-2024,16:31:00,41439.8,2487.69,0.5001,69.01,0.9989
19-01-2024,16:31:59,41439.8,2487.69,0.5003,69.01,0.9989
19-01-2024,16:33:00,41439.8,2487.69,0.5002,69.01,0.9989
19-01-2024,16:33:59,41439.8,2487.69,0.5,69.01,0.9989
19-01-2024,16:34:59,41439.8,2487.69,0.5005,69.01,0.9989
19-01-2024,16:35:59,41406.6,2484.5,0.5,68.93,0.9989
19-01-2024,16:37:00,41406.6,2484.5,0.5001,68.93,0.9989
19-01-2024,16:38:00,41406.6,2484.5,0.5005,68.93,0.9989
19-01-2024,16:38:59,41406.6,2484.5,0.5008,68.93,0.999
19-01-2024,16:39:59,41406.6,2484.5,0.5008,68.93,0.9989
19-01-2024,16:40:59,41437.2,2486.71,0.5008,68.99,0.9989
19-01-2024,16:41:59,41437.2,2486.71,0.5006,68.99,0.999
19-01-2024,16:42:59,41437.2,2486.71,0.5005,68.99,0.999
19-01-2024,16:44:01,41437.2,2486.71,0.5008,68.99,0.999
19-01-2024,16:44:59,41437.2,2486.71,0.5008,68.99,0.999
19-01-2024,16:46:00,41384.7,2486.17,0.5005,68.95,0.999
19-01-2024,16:46:59,41384.7,2486.17,0.5008,68.95,0.999
19-01-2024,16:47:59,41384.7,2486.17,0.5004,68.95,0.999
19-01-2024,16:49:00,41384.7,2486.17,0.5004,68.95,0.999
19-01-2024,16:50:00,41384.7,2486.17,0.5003,68.95,0.999
19-01-2024,16:51:00,41394.9,2484.48,0.5,68.9,0.999
19-01-2024,16:52:00,41394.9,2484.48,0.5,68.9,0.999
19-01-2024,16:52:59,41394.9,2484.48,0.4998,68.9,0.999
19-01-2024,16:53:59,41394.9,2484.48,0.4998,68.9,0.999
19-01-2024,16:54:59,41394.9,2484.48,0.4998,68.9,0.9989
19-01-2024,16:56:00,41425.9,2485.19,0.4999,68.88,0.9989
19-01-2024,16:56:59,41425.9,2485.19,0.4999,68.88,0.999
19-01-2024,16:57:59,41425.9,2485.19,0.4999,68.88,0.9989
19-01-2024,16:59:00,41425.9,2485.19,0.5,68.88,0.9989
19-01-2024,17:00:00,41425.9,2485.19,0.5,68.88,0.9989
21-01-2024,22:11:02,41599.6,2469.19,0.5123,70.75,0.9996
21-01-2024,22:11:59,41599.6,2469.19,0.5123,70.75,0.9996
21-01-2024,22:13:01,41599.6,2469.19,0.5123,70.75,0.9996
21-01-2024,22:13:59,41599.6,2469.19,0.5123,70.75,0.9995
21-01-2024,22:15:03,41599.6,2469.19,0.5123,70.75,0.9995
21-01-2024,22:16:00,41607.6,2470.13,0.5123,70.74,0.9995
21-01-2024,22:17:00,41607.6,2470.13,0.5123,70.74,0.9995
21-01-2024,22:18:00,41607.6,2470.13,0.5126,70.74,0.9995
21-01-2024,22:19:00,41607.6,2470.13,0.513,70.74,0.9995
21-01-2024,22:20:01,41607.6,2470.13,,70.74,0.9995
21-01-2024,22:21:01,41598.6,2469.53,,70.68,0.9995
21-01-2024,22:22:00,41598.6,2469.53,,70.68,0.9995
21-01-2024,22:23:01,41598.6,2469.53,,70.68,0.9995
21-01-2024,22:24:00,41598.6,2469.53,,70.68,0.9995
21-01-2024,22:25:00,41598.6,2469.53,0.5127,70.68,0.9995
21-01-2024,22:41:59,41627.6,2472.27,0.5133,70.73,0.9995
21-01-2024,22:43:00,41627.6,2472.27,0.5133,70.73,0.9995
21-01-2024,22:43:59,41627.6,2472.27,0.5135,70.73,0.9995
21-01-2024,22:44:59,41627.6,2472.27,0.514,70.73,0.9995
21-01-2024,22:46:00,41626.2,2472.3,0.5138,70.67,0.9995
21-01-2024,22:47:00,41626.2,2472.3,0.5141,70.67,0.9995
21-01-2024,22:47:59,41626.2,2472.3,0.514,,0.9995
21-01-2024,22:49:00,41626.2,2472.3,0.5141,70.67,0.9995
21-01-2024,22:50:01,41626.2,2472.3,0.5142,70.67,0.9995
21-01-2024,22:50:59,41624.2,2472.91,0.5142,70.66,0.9995
21-01-2024,22:51:59,41624.2,2472.91,0.5141,70.66,0.9995
21-01-2024,22:53:01,41624.2,2472.91,0.5135,70.66,0.9995
21-01-2024,22:54:00,41624.2,2472.91,0.5133,70.66,0.9995
21-01-2024,22:54:59,41624.2,2472.91,0.5132,70.66,0.9995
21-01-2024,22:55:59,41633.8,2473.01,0.5133,70.71,0.9995
21-01-2024,22:56:59,41633.8,2473.01,0.5133,70.71,0.9995
21-01-2024,22:58:01,41633.8,2473.01,0.5138,70.71,0.9995
21-01-2024,22:59:01,41633.8,2473.01,0.5141,70.71,0.9995
21-01-2024,22:59:59,41633.8,2473.01,0.5139,70.71,0.9995
21-01-2024,23:00:59,41663.8,2474.54,0.5138,70.7,0.9995
21-01-2024,23:02:00,41663.8,2474.54,0.5139,70.7,0.9995
21-01-2024,23:03:00,41663.8,2474.54,0.5139,70.7,0.9995
21-01-2024,23:04:00,41663.8,2474.54,0.514,70.7,0.9995
21-01-2024,23:04:59,41663.8,2474.54,0.5137,70.7,0.9995
21-01-2024,23:06:00,41657.2,2474.82,0.514,70.68,0.9995
21-01-2024,23:07:00,41657.2,2474.82,0.514,70.68,0.9995
21-01-2024,23:07:59,41657.2,2474.82,0.514,70.68,0.9995
21-01-2024,23:08:59,41657.2,2474.82,0.5139,70.68,0.9995
21-01-2024,23:09:58,41657.2,2474.82,0.5139,70.68,0.9995
21-01-2024,23:10:59,41631.6,2472.59,0.5135,70.71,0.9995
21-01-2024,23:12:00,41631.6,2472.59,0.5137,70.71,0.9995
21-01-2024,23:12:59,41631.6,2472.59,0.5137,70.71,0.9995
21-01-2024,23:13:59,41631.6,2472.59,0.5136,70.71,0.9995
21-01-2024,23:14:59,41631.6,2472.59,0.5136,70.71,0.9995
21-01-2024,23:16:00,41629.1,2472.13,0.5136,70.68,0.9995
21-01-2024,23:17:01,41629.1,2472.13,0.5133,70.68,0.9995
21-01-2024,23:18:00,41629.1,2472.13,0.5137,70.68,0.9995
21-01-2024,23:18:59,41629.1,2472.13,0.5135,70.68,0.9995
21-01-2024,23:20:00,41629.1,2472.13,0.5139,70.68,0.9995
21-01-2024,23:21:00,41636.3,2472.42,0.5139,70.69,0.9995
21-01-2024,23:22:00,41636.3,2472.42,0.5139,70.69,0.9995
21-01-2024,23:23:00,41636.3,2472.42,0.5139,70.69,0.9995
21-01-2024,23:24:00,41636.3,2472.42,0.514,70.69,0.9995
21-01-2024,23:24:59,41636.3,2472.42,0.5139,70.69,0.9995
21-01-2024,23:25:59,41664.8,2474.09,0.5139,70.69,0.9995
21-01-2024,23:27:01,41664.8,2474.09,0.5139,70.69,0.9995
21-01-2024,23:28:00,41664.8,2474.09,0.514,70.69,0.9995
21-01-2024,23:29:00,41664.8,2474.09,0.514,70.69,0.9995
21-01-2024,23:30:00,41664.8,2474.09,0.5138,70.69,0.9995
21-01-2024,23:30:59,41655.1,2473.1,0.5137,70.71,0.9995
21-01-2024,23:32:01,41655.1,2473.1,0.5137,70.71,0.9995
21-01-2024,23:32:59,41655.1,2473.1,0.5137,70.71,0.9995
21-01-2024,23:34:00,41655.1,2473.1,0.5137,70.71,0.9995
21-01-2024,23:35:04,41655.1,2473.1,0.5137,70.71,0.9995
21-01-2024,23:36:00,41638.2,2472.19,0.5135,70.71,0.9995
21-01-2024,23:37:00,41638.2,2472.19,0.5134,70.71,0.9995
21-01-2024,23:37:59,41638.2,2472.19,0.5133,70.71,0.9995
21-01-2024,23:38:59,41638.2,2472.19,0.5129,70.71,0.9995
21-01-2024,23:40:01,41638.2,2472.19,0.5131,70.71,0.9995
21-01-2024,23:41:01,41629.6,2471.23,0.5128,70.66,0.9995
21-01-2024,23:41:59,41629.6,2471.23,0.5128,70.66,0.9995
21-01-2024,23:43:00,41629.6,2471.23,0.5124,70.66,0.9995
21-01-2024,23:43:59,41629.6,2471.23,0.5123,70.66,0.9995
21-01-2024,23:44:59,41629.6,2471.23,0.5125,70.66,0.9995
21-01-2024,23:46:00,41634.6,2471.85,0.5128,70.63,0.9995
21-01-2024,23:46:59,41634.6,2471.85,0.5126,70.63,0.9995
21-01-2024,23:47:59,41634.6,2471.85,0.5127,70.63,0.9995
21-01-2024,23:49:00,41634.6,2471.85,0.5128,70.63,0.9995
21-01-2024,23:50:01,41634.6,2471.85,0.5126,70.63,0.9995
21-01-2024,23:51:00,41689.3,2474.66,0.5132,70.7,0.9995
21-01-2024,23:52:00,41689.3,2474.66,0.5131,70.7,0.9995
21-01-2024,23:53:00,41689.3,2474.66,0.5131,70.7,0.9995
21-01-2024,23:53:59,41689.3,2474.66,0.5131,70.7,0.9995
21-01-2024,23:55:00,41689.3,2474.66,0.5131,70.7,0.9995
21-01-2024,23:56:01,41697.8,2476.58,0.5134,70.81,0.9995
21-01-2024,23:56:59,41697.8,2476.58,0.5141,70.81,0.9995
21-01-2024,23:58:00,41697.8,2476.58,0.5141,70.81,0.9995
21-01-2024,23:59:00,41697.8,2476.58,0.5143,70.81,0.9995
24-01-2024,21:01:40,39999.9,2232.46,0.4715,65.21,0.9996
24-01-2024,21:01:59,39999.9,2232.46,0.4715,65.21,0.9996
24-01-2024,21:03:00,39999.9,2232.46,0.4713,65.21,0.9996
24-01-2024,21:04:00,39999.9,2232.46,0.4705,65.21,0.9996
24-01-2024,21:04:59,39999.9,2232.46,0.4705,65.21,0.9996
24-01-2024,21:06:01,39925.1,2225.46,0.4699,65.06,0.9996
24-01-2024,21:07:00,39925.1,2225.46,0.4699,65.06,0.9996
24-01-2024,21:07:59,39925.1,2225.46,0.4712,65.06,0.9996
24-01-2024,21:08:59,39925.1,2225.46,0.471,65.06,0.9996
24-01-2024,21:09:59,39925.1,2225.46,0.4714,65.06,0.9996
24-01-2024,21:10:59,40024.6,2230.92,0.4713,65.16,0.9996
24-01-2024,21:11:59,40024.6,2230.92,0.4713,65.16,0.9996
24-01-2024,21:12:59,40024.6,2230.92,0.4715,65.16,0.9996
24-01-2024,21:14:00,40024.6,2230.92,0.4719,65.16,0.9995
24-01-2024,21:14:59,40024.6,2230.92,0.4724,65.16,0.9995
24-01-2024,21:16:00,40061.5,2235.69,0.4718,65.33,0.9995
24-01-2024,21:16:58,40061.5,2235.69,0.4719,65.33,0.9995
24-01-2024,21:17:59,40061.5,2235.69,0.4719,65.33,0.9996
24-01-2024,21:19:00,40061.5,2235.69,0.4723,65.33,0.9996
24-01-2024,21:20:00,40061.5,2235.69,0.4731,65.33,0.9996
24-01-2024,21:20:59,40082.6,2238.42,0.4732,65.48,0.9996
24-01-2024,21:21:58,40082.6,2238.42,0.4734,65.48,0.9996
24-01-2024,21:22:59,40082.6,2238.42,0.4736,65.48,0.9996
24-01-2024,21:23:59,40082.6,2238.42,0.4732,65.48,0.9996
24-01-2024,21:24:58,40082.6,2238.42,0.4731,65.48,0.9996
24-01-2024,21:25:59,40012.6,2232.51,0.4726,65.35,0.9996
24-01-2024,21:26:59,40012.6,2232.51,0.4727,65.35,0.9997
24-01-2024,21:27:59,40012.6,2232.51,0.4726,65.35,0.9997
24-01-2024,21:28:59,40012.6,2232.51,0.4727,65.35,0.9998
24-01-2024,21:29:59,40012.6,2232.51,0.4731,65.35,0.9999
24-01-2024,21:31:00,40025.5,2233.52,0.4727,65.47,0.9999
24-01-2024,21:31:59,40025.5,2233.52,0.4732,65.47,1
24-01-2024,21:32:59,40025.5,2233.52,0.4729,65.47,1
24-01-2024,21:34:00,40025.5,2233.52,0.4729,65.47,1
24-01-2024,21:35:00,40025.5,2233.52,0.4727,65.47,1
24-01-2024,21:35:59,40024,2232.73,0.473,65.5,0.9999
24-01-2024,21:36:59,40024,2232.73,0.4729,65.5,0.9997
24-01-2024,21:37:59,40024,2232.73,0.4722,65.5,0.9998
24-01-2024,21:39:00,40024,2232.73,0.4719,65.5,0.9997
24-01-2024,21:39:59,40024,2232.73,0.472,65.5,0.9997
24-01-2024,21:41:00,40024,2228.59,0.4717,65.34,0.9998
24-01-2024,21:41:59,39984,2228.59,0.472,65.34,0.9998
24-01-2024,21:42:59,39984,2228.59,0.472,65.34,0.9998
24-01-2024,21:43:59,39984,2228.59,0.4719,65.34,0.9998
24-01-2024,21:45:00,39984,2228.59,0.4719,65.34,0.9998
24-01-2024,21:46:00,39965.1,2228,0.4714,65.26,0.9998
24-01-2024,21:47:00,39965.1,2228,0.4714,65.26,0.9998
24-01-2024,21:47:59,39965.1,2228,0.4709,65.26,0.9996
24-01-2024,21:49:00,39965.1,2228,0.4713,65.26,0.9996
24-01-2024,21:49:59,39965.1,2228,0.4712,65.26,0.9997
24-01-2024,21:51:00,39944.2,2227.92,0.4712,65.28,0.9997
24-01-2024,21:51:59,39944.2,2227.92,0.4712,65.28,0.9997
24-01-2024,21:52:59,39944.2,2227.92,,65.28,0.9997
24-01-2024,21:54:00,39944.2,2227.92,,65.28,0.9997
24-01-2024,21:55:00,39944.2,2227.92,,65.28,0.9997
24-01-2024,21:55:58,39984.8,2230.61,,65.46,0.9997
24-01-2024,21:57:00,39984.8,2230.61,,65.46,0.9997
24-01-2024,21:57:59,39984.8,2230.61,,65.46,0.9997
24-01-2024,21:58:59,39984.8,2230.61,,65.46,0.9996
24-01-2024,22:00:00,39984.8,2230.61,,65.46,0.9996
24-01-2024,22:00:59,40035.9,2232.46,0.472,65.46,0.9997
24-01-2024,22:01:59,40035.9,2232.46,,65.46,0.9996
24-01-2024,22:02:59,40035.9,2232.46,0.4723,65.46,0.9996
24-01-2024,22:03:58,40035.9,2232.46,0.472,65.46,0.9996
24-01-2024,22:04:59,40035.9,2232.46,0.4723,65.46,0.9996
24-01-2024,22:06:00,39967.4,2232.5,0.4728,65.41,0.9997
24-01-2024,22:06:59,39967.4,2232.5,0.4726,65.41,0.9997
24-01-2024,22:08:00,39967.4,2232.5,0.4728,65.41,0.9995
24-01-2024,22:09:00,39967.4,2232.5,0.4727,65.41,0.9996
24-01-2024,22:10:00,39967.4,2232.5,0.4728,65.41,0.9996
24-01-2024,22:10:59,39932.2,2228.94,0.4722,65.37,0.9996
24-01-2024,22:12:01,39932.2,2228.94,0.4717,65.37,0.9996
24-01-2024,22:12:59,39932.2,2228.94,0.4713,65.37,0.9996
24-01-2024,22:13:59,39932.2,2228.94,0.4707,65.37,0.9995
24-01-2024,22:15:00,39932.2,2228.94,0.4707,65.37,0.9995
24-01-2024,22:15:59,39974.9,2230.04,0.4709,65.46,0.9995
24-01-2024,22:17:00,39974.9,2230.04,0.4711,65.46,0.9995
24-01-2024,22:17:59,39974.9,2230.04,0.4716,65.46,0.9995
24-01-2024,22:19:00,39974.9,2230.04,0.4714,65.46,0.9995
24-01-2024,22:19:59,39974.9,2230.04,0.4714,65.46,0.9995
24-01-2024,22:20:59,40066.1,2237.23,0.4721,65.59,0.9995
24-01-2024,22:22:00,40066.1,2237.23,0.4723,65.59,0.9995
24-01-2024,22:23:00,40066.1,2237.23,0.4724,65.59,0.9995
24-01-2024,22:23:59,40066.1,2237.23,0.4727,65.59,0.9995
24-01-2024,22:24:59,40066.1,2237.23,0.473,65.59,0.9995
24-01-2024,22:26:00,40128.3,2240.58,0.4731,65.67,0.9995
24-01-2024,22:26:59,40128.3,2240.58,0.4732,65.67,0.9995
24-01-2024,22:28:00,40128.3,2240.58,0.4732,65.67,0.9995
24-01-2024,22:28:59,40128.3,2240.58,0.4736,65.67,0.9995
24-01-2024,22:29:59,40128.3,2240.58,0.4734,65.67,0.9995
24-01-2024,22:31:00,40166.4,2240.61,0.4734,65.67,0.9995
24-01-2024,22:32:00,40166.4,2240.61,0.4733,65.67,0.9995
24-01-2024,22:32:59,40166.4,2240.61,0.4735,65.67,0.9995
24-01-2024,22:34:00,40166.4,2240.61,0.4743,65.67,0.9996
24-01-2024,22:35:00,40166.4,2240.61,0.4743,65.73,0.9995
24-01-2024,22:36:00,40129.3,2240.5,0.4743,65.6,0.9996
24-01-2024,22:36:59,40129.3,2240.5,0.4746,65.6,0.9996
24-01-2024,22:37:59,40129.3,2240.5,0.4743,65.6,0.9996
24-01-2024,22:38:59,40129.3,2240.5,0.4746,65.6,0.9995
24-01-2024,22:40:01,40129.3,2240.5,0.4743,65.6,0.9995
24-01-2024,22:40:59,40069.6,2236.76,0.4746,65.59,0.9995
24-01-2024,22:41:59,40069.6,2236.76,0.4745,65.59,0.9995
24-01-2024,22:43:00,40069.6,2236.76,0.4744,65.59,0.9995
24-01-2024,22:43:59,40069.6,2236.76,0.4746,65.59,0.9995
24-01-2024,22:44:59,40069.6,2236.76,0.4744,65.59,0.9995
24-01-2024,22:45:59,40068.6,2236.48,0.475,65.72,0.9995
24-01-2024,22:46:59,40068.6,2236.48,0.4753,65.72,0.9995
24-01-2024,22:47:59,40068.6,2236.48,0.4754,65.72,0.9995
24-01-2024,22:48:59,40068.6,2236.48,0.4753,65.72,0.9995
24-01-2024,22:50:00,40068.6,2236.48,0.475,65.72,0.9995
24-01-2024,22:50:59,40056.5,2232.67,0.4749,65.73,0.9996
24-01-2024,22:52:00,40056.5,2232.67,0.4749,65.73,0.9996
24-01-2024,22:52:59,40056.5,2232.67,0.4749,65.73,0.9996
24-01-2024,22:53:59,40056.5,2232.67,0.4749,65.73,0.9996
24-01-2024,22:55:00,40056.5,2232.67,0.4755,65.73,0.9995
24-01-2024,22:55:59,40121.4,2238.76,0.4755,65.89,0.9995
24-01-2024,22:56:59,40121.4,2238.76,0.4752,65.89,0.9995
24-01-2024,22:57:59,40121.4,2238.76,0.4753,65.89,0.9994
24-01-2024,22:59:00,40121.4,2238.76,0.4763,65.89,0.9994
24-01-2024,22:59:59,40121.4,2238.76,0.4769,65.89,0.9994
24-01-2024,23:00:59,40072.3,2234.13,0.4772,65.89,0.9994
24-01-2024,23:01:59,40072.3,2234.13,0.477,65.89,0.9994
24-01-2024,23:02:59,40072.3,2234.13,0.476,65.89,0.9995
24-01-2024,23:03:59,40072.3,2234.13,0.4762,65.89,0.9995
24-01-2024,23:05:00,40072.3,2234.13,0.476,65.89,0.9995
24-01-2024,23:05:59,40068.5,2233.51,0.4763,65.87,0.9995
24-01-2024,23:07:00,40068.5,2233.51,0.476,65.87,0.9995
24-01-2024,23:07:59,40068.5,2233.51,0.4763,65.87,0.9995
24-01-2024,23:09:00,40068.5,2233.51,0.4763,65.87,0.9995
24-01-2024,23:10:00,40068.5,2233.51,0.4764,65.87,0.9995
24-01-2024,23:10:59,40170.9,2238.01,0.4765,65.91,0.9995
24-01-2024,23:11:59,40170.9,2238.01,0.4761,65.91,0.9995
24-01-2024,23:13:01,40170.9,2238.01,0.4764,65.91,0.9995
24-01-2024,23:14:00,40170.9,2238.01,0.476,65.91,0.9995
24-01-2024,23:14:59,40170.9,2238.01,0.476,65.91,0.9995
24-01-2024,23:16:00,40161.2,2240.19,0.476,65.95,0.9995
24-01-2024,23:17:00,40161.2,2240.19,0.4764,65.95,0.9995
24-01-2024,23:17:59,40161.2,2240.19,0.4765,65.95,0.9995
24-01-2024,23:19:00,40161.2,2240.19,0.4764,65.95,0.9995
24-01-2024,23:19:59,40161.2,2240.19,0.4757,65.95,0.9995
24-01-2024,23:21:00,40081.6,2234.03,0.4754,65.86,0.9996
24-01-2024,23:21:59,40081.6,2234.03,0.4754,65.86,0.9996
24-01-2024,23:22:59,40081.6,2234.03,0.4755,65.86,0.9995
24-01-2024,23:23:59,40081.6,2234.03,0.4755,65.86,0.9995
24-01-2024,23:24:59,40081.6,2234.03,0.4752,65.86,0.9995
24-01-2024,23:26:00,40061.9,2233.37,0.4752,65.82,0.9995
24-01-2024,23:27:01,40061.9,2233.37,0.4752,65.82,0.9995
24-01-2024,23:28:00,40061.9,2233.37,0.4755,65.82,0.9995
24-01-2024,23:28:59,40061.9,2233.37,0.475,65.82,0.9995
24-01-2024,23:29:59,40061.9,2233.37,0.4751,65.82,0.9996
24-01-2024,23:31:00,40113.4,2235.88,0.4751,65.91,0.9996
24-01-2024,23:31:59,40113.4,2235.88,0.4751,65.91,0.9996
24-01-2024,23:33:00,40113.4,2235.88,0.4751,65.91,0.9996
24-01-2024,23:33:59,40113.4,2235.88,0.4748,65.91,0.9996
24-01-2024,23:35:00,40113.4,2235.88,0.4748,65.91,0.9996
24-01-2024,23:35:59,40097.9,2231.03,0.4751,65.86,0.9996
24-01-2024,23:37:00,40097.9,2231.03,0.4752,65.86,0.9996
24-01-2024,23:37:59,40097.9,2231.03,0.4748,65.86,0.9996
24-01-2024,23:38:59,40097.9,2231.03,0.4746,65.86,0.9996
24-01-2024,23:39:59,40097.9,2231.03,0.4745,65.86,0.9996
24-01-2024,23:40:59,39983.1,2223.21,0.475,65.68,0.9997
24-01-2024,23:41:59,39983.1,2223.21,0.475,65.68,0.9997
24-01-2024,23:42:59,39983.1,2223.21,0.475,65.68,0.9997
24-01-2024,23:43:59,39983.1,2223.21,0.475,65.68,0.9996
24-01-2024,23:44:59,39983.1,2223.21,0.475,65.68,0.9996
24-01-2024,23:46:00,39861.1,2220.66,0.4751,65.66,0.9996
24-01-2024,23:46:59,39861.1,2220.66,0.4745,65.66,0.9996
24-01-2024,23:47:59,39861.1,2220.66,0.4745,65.66,0.9995
24-01-2024,23:49:00,39861.1,2220.66,0.4742,65.66,0.9995
24-01-2024,23:49:59,39861.1,2220.66,0.474,65.66,0.9996
24-01-2024,23:50:59,39830.8,2220.17,0.4735,65.56,0.9996
24-01-2024,23:51:59,39830.8,2220.17,0.4739,65.56,0.9996
24-01-2024,23:53:00,39830.8,2220.17,0.4739,65.56,0.9996
24-01-2024,23:54:00,39830.8,2220.17,0.4732,65.56,0.9996
24-01-2024,23:54:59,39830.8,2220.17,0.4736,65.56,0.9996
24-01-2024,23:56:00,39598.9,2204.73,0.4736,65.22,0.9996
24-01-2024,23:56:59,39598.9,2204.73,0.4741,65.22,0.9995
24-01-2024,23:57:59,39598.9,2204.73,0.4742,65.22,0.9995
24-01-2024,23:58:59,39598.9,2204.73,0.4744,65.22,0.9994
25-01-2024,21:19:01,39755.8,2190.67,0.4669,64.76,0.9997
25-01-2024,21:19:59,39755.8,2190.67,0.4676,64.76,0.9996
25-01-2024,21:21:00,39640.9,2183.96,0.4677,64.68,0.9996
25-01-2024,21:22:00,39640.9,2183.96,0.4675,64.68,0.9996
25-01-2024,21:22:59,39640.9,2183.96,0.4675,64.68,0.9996
25-01-2024,21:23:59,39640.9,2183.96,0.4675,64.68,0.9996
25-01-2024,21:24:58,39640.9,2183.96,0.4657,64.68,0.9996
25-01-2024,21:26:00,39640.7,2182.21,0.4656,64.63,0.9996
25-01-2024,21:26:59,39640.7,2182.21,0.4655,64.63,0.9997
25-01-2024,21:27:59,39640.7,2182.21,0.4656,64.63,0.9997
25-01-2024,21:29:00,39640.7,2182.21,0.4656,64.63,0.9997
25-01-2024,22:35:59,39627.4,2185.12,0.4612,64.88,0.9995
25-01-2024,22:36:58,39627.4,2185.12,0.4609,64.88,0.9995
25-01-2024,22:37:59,39627.4,2185.12,0.4611,64.88,0.9995
25-01-2024,22:39:00,39627.4,2185.12,0.4611,64.88,0.9995
25-01-2024,22:40:00,39627.4,2185.12,0.4599,64.88,0.9995
25-01-2024,22:41:00,39578.8,2175.03,0.4599,64.62,0.9995
25-01-2024,22:41:59,39578.8,2175.03,0.4597,64.62,0.9995
25-01-2024,22:42:59,39578.8,2175.03,0.4601,64.62,0.9995
25-01-2024,22:44:00,,2175.03,0.461,64.62,0.9995
25-01-2024,22:44:59,,2175.03,0.4606,64.62,0.9995
25-01-2024,22:45:59,,2175.88,0.4606,64.66,0.9995
25-01-2024,22:47:00,,2175.88,0.4606,64.66,0.9995
25-01-2024,22:48:00,,2175.88,0.461,64.66,0.9995
25-01-2024,22:48:59,,2175.88,0.4607,64.66,0.9995
25-01-2024,22:49:59,39585.2,2175.88,0.4613,64.66,0.9995
25-01-2024,22:50:59,39562.9,2179.73,0.4612,64.7,0.9995
25-01-2024,22:51:59,39562.9,2179.73,0.4617,64.7,0.9995
25-01-2024,22:53:00,39562.9,2179.73,0.4615,64.7,0.9995
25-01-2024,22:53:59,39562.9,2179.73,0.4618,64.7,0.9995
25-01-2024,22:54:59,39562.9,2179.73,0.4619,64.7,0.9995
25-01-2024,22:55:59,,2186.21,0.4619,64.97,0.9995
25-01-2024,22:56:59,,2186.21,0.4619,64.97,0.9995
25-01-2024,22:57:59,,2186.21,0.4614,64.97,0.9995
25-01-2024,22:58:59,,2186.21,0.4614,64.97,0.9995
25-01-2024,23:00:00,,2186.21,0.461,64.97,0.9995
25-01-2024,23:01:00,,2189.08,0.4611,64.94,0.9995
25-01-2024,23:02:00,39669.7,2189.08,0.4616,64.94,0.9995
25-01-2024,23:02:59,39669.7,2189.08,0.4614,64.94,0.9995
25-01-2024,23:03:59,39669.7,2189.08,0.4619,64.94,0.9995
25-01-2024,23:04:59,39669.7,2189.08,0.4619,64.94,0.9995
25-01-2024,23:06:02,39730.4,2194.8,0.4619,65.06,0.9995
25-01-2024,23:07:00,39730.4,2194.8,0.4622,65.06,0.9996
25-01-2024,23:07:59,39730.4,2194.8,0.4621,65.06,0.9996
25-01-2024,23:09:00,39730.4,2194.8,0.4622,65.06,0.9995
25-01-2024,23:09:59,39730.4,2194.8,0.4625,65.06,0.9995
25-01-2024,23:10:59,39716.3,2195.02,0.4631,65.11,0.9995
25-01-2024,23:11:59,39716.3,2195.02,0.4629,65.11,0.9995
25-01-2024,23:13:00,39716.3,2195.02,0.4629,65.11,0.9995
25-01-2024,23:13:59,39716.3,2195.02,0.4629,65.11,0.9995
25-01-2024,23:15:00,39716.3,2195.02,0.4631,65.11,0.9995
25-01-2024,23:16:01,39756.6,2195.35,0.4628,65.13,0.9995
25-01-2024,23:17:00,39756.6,2195.35,0.4628,65.13,0.9995
25-01-2024,23:17:58,39756.6,2195.35,0.4627,65.13,0.9995
25-01-2024,23:19:00,39756.6,2195.35,0.4627,65.13,0.9995
25-01-2024,23:19:58,39756.6,2195.35,0.4635,65.13,0.9995
25-01-2024,23:20:59,39790.1,2199.92,0.4635,65.14,0.9995
25-01-2024,23:21:59,39790.1,2199.92,0.4638,65.14,0.9995
25-01-2024,23:23:00,39790.1,2199.92,0.4638,65.14,0.9995
25-01-2024,23:23:59,39790.1,2199.92,0.4641,65.14,0.9995
25-01-2024,23:25:00,39790.1,2199.92,0.4644,65.14,0.9995
25-01-2024,23:26:00,39778.3,2200.76,0.4642,65.15,0.9995
25-01-2024,23:26:59,39778.3,2200.76,0.4642,65.15,0.9996
25-01-2024,23:27:59,39778.3,2200.76,0.4642,65.15,0.9995
25-01-2024,23:29:00,39778.3,2200.76,0.4642,65.15,0.9995
25-01-2024,23:29:59,39778.3,2200.76,0.4642,65.15,0.9995
25-01-2024,23:30:59,39773.7,2201.83,0.4642,65.16,0.9995
25-01-2024,23:31:59,39773.7,2201.83,0.4647,65.16,0.9995
25-01-2024,23:33:00,39773.7,2201.83,0.4649,65.16,0.9995
25-01-2024,23:33:59,39773.7,2201.83,0.4649,65.16,0.9996
25-01-2024,23:34:58,39773.7,2201.83,0.4648,65.16,0.9995
25-01-2024,23:36:01,,2206.37,0.4651,65.32,0.9995
25-01-2024,23:36:59,,2206.37,0.4649,65.32,0.9995
25-01-2024,23:38:00,,2206.37,0.4643,65.32,0.9995
25-01-2024,23:39:00,,2206.37,0.4654,65.32,0.9995
25-01-2024,23:40:00,,2206.37,0.4659,65.32,0.9994
25-01-2024,23:41:00,,2209.23,0.466,65.43,0.9994
25-01-2024,23:41:59,39892.6,2209.23,0.4664,65.43,0.9994
25-01-2024,23:43:00,39892.6,2209.23,0.4662,65.43,0.9994
25-01-2024,23:43:59,39892.6,2209.23,0.4661,65.43,0.9994
25-01-2024,23:44:59,39892.6,2209.23,0.4661,65.43,0.9994
25-01-2024,23:45:59,39906,2208.31,0.4672,65.59,0.9994
25-01-2024,23:46:59,39906,2208.31,0.4674,65.59,0.9995
25-01-2024,23:47:58,39906,2208.31,0.4684,65.59,0.9994
25-01-2024,23:49:15,39906,2208.31,0.4686,65.59,0.9994
25-01-2024,23:50:01,39906,2208.31,0.4682,65.59,0.9994
25-01-2024,23:51:00,39926.9,2213.81,0.4682,65.6,0.9994
25-01-2024,23:51:59,39926.9,2213.81,0.4683,65.6,0.9994
25-01-2024,23:52:58,39926.9,2213.81,0.4682,65.6,0.9994
25-01-2024,23:53:59,39926.9,2213.81,0.4681,65.6,0.9994
25-01-2024,23:55:00,39926.9,2213.81,0.4681,65.6,0.9994
25-01-2024,23:55:59,39849.3,2217,0.4689,65.56,0.9994
25-01-2024,23:56:59,39849.3,2217,0.4691,65.56,0.9994
25-01-2024,23:57:59,39849.3,2217,0.4686,65.56,0.9994
25-01-2024,23:58:58,39849.3,2217,0.4686,65.56,0.9994
26-01-2024,14:34:01,40114.8,2208.23,0.4696,65.63,0.9995
26-01-2024,14:35:00,40114.8,2208.23,0.4698,65.63,0.9995
26-01-2024,14:36:00,40113.9,2208.59,0.4697,65.63,0.9995
26-01-2024,14:37:00,40113.9,2208.59,0.4697,65.63,0.9995
26-01-2024,14:38:00,40113.9,2208.59,0.4697,65.63,0.9995
26-01-2024,14:38:59,40113.9,2208.59,0.4701,65.63,0.9995
26-01-2024,14:39:59,40113.9,2208.59,0.4701,65.63,0.9995
26-01-2024,14:40:59,40168.1,2211.76,0.47,65.66,0.9995
26-01-2024,14:42:00,40168.1,2211.76,0.47,65.66,0.9995
26-01-2024,14:42:59,40168.1,2211.76,0.4699,65.66,0.9995
26-01-2024,14:44:00,40168.1,2211.76,,65.66,0.9995
26-01-2024,14:44:59,40168.1,2211.76,,65.66,0.9995
26-01-2024,14:46:00,40173,2212.1,,65.65,0.9995
26-01-2024,14:46:59,40173,2212.1,,65.65,0.9995
26-01-2024,14:48:00,40173,2212.1,,65.65,0.9995
26-01-2024,14:49:00,40173,2212.1,,65.65,0.9995
26-01-2024,14:49:59,40173,2212.1,,65.65,0.9995
26-01-2024,14:51:00,40163.9,2211.58,0.4701,65.69,0.9995
26-01-2024,14:51:59,40163.9,2211.58,0.4701,65.69,0.9995
26-01-2024,14:52:59,40163.9,2211.58,0.47,65.69,0.9995
26-01-2024,14:54:00,40163.9,2211.58,0.4701,65.69,0.9995
26-01-2024,14:55:00,40163.9,2211.58,0.4701,65.69,0.9995
26-01-2024,14:56:00,40180.3,2213,0.4701,65.72,0.9995
26-01-2024,14:57:00,40180.3,2213,0.4701,65.72,0.9995
26-01-2024,14:58:00,40180.3,2213,0.4701,65.72,0.9995
26-01-2024,14:59:00,40180.3,2213,0.4701,65.72,0.9995
26-01-2024,15:00:00,40180.3,2213,0.4701,,
26-01-2024,15:01:00,40164.4,2211.81,0.4701,,
26-01-2024,15:01:59,40164.4,2211.81,0.4702,,
26-01-2024,15:02:59,40164.4,2211.81,0.4702,,
26-01-2024,15:04:00,40164.4,2211.81,0.4698,,
26-01-2024,15:05:00,40164.4,2211.81,0.4698,,
26-01-2024,15:06:00,40174.7,2211.19,0.4698,65.73,
26-01-2024,15:07:00,40174.7,2211.19,0.4698,65.73,
26-01-2024,15:07:59,40174.7,2211.19,0.4699,,
26-01-2024,15:09:00,40174.7,2211.19,0.4701,,
26-01-2024,15:09:59,40174.7,2211.19,0.4707,65.73,
26-01-2024,15:10:59,40185.9,2214.33,0.4709,65.83,0.9995
26-01-2024,15:12:00,40185.9,2214.33,0.4709,65.83,0.9995
27-01-2024,22:31:00,41809.1,2263.75,0.4837,67.36,1.0001
27-01-2024,22:32:00,41809.1,2263.75,0.4839,67.36,1.0001
27-01-2024,22:32:59,41809.1,2263.75,0.4837,67.36,1.0001
27-01-2024,22:33:59,41809.1,2263.75,0.4841,67.36,1.0001
27-01-2024,22:34:59,41809.1,2263.75,0.4841,67.36,1.0001
27-01-2024,22:35:59,41828,2264.39,0.4842,67.57,1.0001
27-01-2024,22:36:59,41828,2264.39,0.4842,67.57,1.0001
27-01-2024,22:38:00,41828,2264.39,0.4844,67.57,1.0001
27-01-2024,22:39:00,41828,2264.39,0.4844,67.57,1.0001
27-01-2024,22:40:01,41828,2264.39,0.4844,67.57,1.0001
27-01-2024,22:40:59,41821.7,2263.75,0.4844,67.58,1.0001
27-01-2024,22:41:59,41821.7,2263.75,0.4845,67.58,1.0001
27-01-2024,22:42:59,41821.7,2263.75,0.4845,67.58,1.0001
27-01-2024,22:43:59,41821.7,2263.75,0.4846,67.58,1.0001
27-01-2024,22:45:00,41821.7,2263.75,0.4845,67.58,1.0001
27-01-2024,22:46:00,41839.8,2264.19,0.4846,67.6,1.0001
27-01-2024,22:46:59,41839.8,2264.19,0.4846,67.6,1.0001
27-01-2024,22:47:59,41839.8,2264.19,0.4846,67.6,1.0001
27-01-2024,22:49:00,41839.8,2264.19,0.4847,67.6,1.0001
27-01-2024,22:49:59,41839.8,2264.19,0.485,67.6,1.0001
27-01-2024,22:50:59,41831.7,2265.05,0.485,67.62,1.0001
27-01-2024,22:51:59,41831.7,2265.05,0.4851,67.62,1.0001
27-01-2024,22:52:59,41831.7,2265.05,0.4849,67.62,1.0001
27-01-2024,22:54:00,41831.7,2265.05,0.485,67.62,1.0001
27-01-2024,22:55:00,41831.7,2265.05,0.4851,67.62,1.0001
27-01-2024,22:55:59,41814.3,2266.04,0.4851,67.62,1.0001
27-01-2024,22:56:59,41814.3,2266.04,0.4851,67.62,1.0001
27-01-2024,22:57:59,41814.3,2266.04,0.4848,67.62,1.0001
27-01-2024,22:59:00,41814.3,2266.04,0.4847,67.62,1.0001
27-01-2024,22:59:59,41814.3,2266.04,0.4849,67.62,1.0001
27-01-2024,23:01:01,41813.4,2265.85,0.4852,67.56,1.0002
27-01-2024,23:02:00,41813.4,2265.85,0.4847,67.56,1.0002
27-01-2024,23:03:00,41813.4,2265.85,0.4846,67.56,1.0001
27-01-2024,23:03:58,41813.4,2265.85,0.4843,67.56,1.0001
27-01-2024,23:05:00,41813.4,2265.85,0.4843,67.56,1.0001
27-01-2024,23:06:00,41825.9,2265.23,0.4843,67.63,1.0001
27-01-2024,23:06:59,41825.9,2265.23,0.4841,67.63,1.0001
27-01-2024,23:07:59,41825.9,2265.23,0.4844,67.63,1.0001
27-01-2024,23:09:00,41825.9,2265.23,0.4841,67.63,1.0001
27-01-2024,23:09:59,41825.9,2265.23,0.4842,67.63,1.0001
27-01-2024,23:11:00,41821.5,2265.15,0.4842,67.67,1.0001
27-01-2024,23:12:01,41821.5,2265.15,0.4845,67.67,1.0001
27-01-2024,23:13:00,41821.5,2265.15,0.4846,67.67,1.0001
27-01-2024,23:14:00,41821.5,2265.15,0.4847,67.67,1.0001
27-01-2024,23:15:00,41821.5,2265.15,0.4847,67.67,1.0001
27-01-2024,23:16:00,41838.6,2266.73,0.4849,67.67,1.0001
27-01-2024,23:17:00,41838.6,2266.73,0.4849,67.67,1.0001
27-01-2024,23:18:01,41838.6,2266.73,0.4849,67.67,1.0001
27-01-2024,23:19:00,41838.6,2266.73,0.4849,67.67,1.0001
27-01-2024,23:20:00,41838.6,2266.73,0.4852,67.67,1.0001
27-01-2024,23:21:00,41805.9,2265.48,0.4852,67.61,1.0001
27-01-2024,23:22:00,41805.9,2265.48,0.4847,67.61,1.0001
27-01-2024,23:23:00,41805.9,2265.48,0.4848,67.61,1.0001
27-01-2024,23:24:00,41805.9,2265.48,0.4847,67.61,1.0001
27-01-2024,23:25:00,41805.9,2265.48,0.4847,67.61,1.0001
27-01-2024,23:26:00,41798.1,2266.07,0.4846,67.6,1.0001
27-01-2024,23:27:00,41798.1,2266.07,0.4844,67.6,1.0001
27-01-2024,23:28:00,41798.1,2266.07,0.4844,67.6,1.0001
01-02-2024,16:37:00,42191,2265.75,0.4917,66.29,0.9991
01-02-2024,16:38:00,42191,2265.75,0.4917,66.29,0.9991
01-02-2024,16:38:59,42191,2265.75,0.4917,66.29,0.9991
01-02-2024,16:40:00,42191,2265.75,0.4917,66.29,0.9991
01-02-2024,16:41:01,42179,2265.15,0.4914,66.26,0.999
01-02-2024,16:42:00,42179,2265.15,0.4912,66.26,0.999
01-02-2024,16:42:59,42179,2265.15,0.4912,66.26,0.999
01-02-2024,16:43:59,42179,2265.15,0.4919,66.26,0.999
01-02-2024,16:45:00,42179,2265.15,0.4916,66.26,0.999
01-02-2024,16:46:00,42209.3,2267.3,0.4917,66.28,0.999
01-02-2024,16:46:59,42209.3,2267.3,0.4919,66.28,0.999
01-02-2024,16:48:00,42209.3,2267.3,0.4918,66.28,0.999
01-02-2024,16:48:59,42209.3,2267.3,0.4917,66.28,0.999
01-02-2024,16:49:59,42209.3,2267.3,0.4911,66.28,0.999
01-02-2024,16:50:59,42209.6,2265.69,0.4904,66.19,0.999
01-02-2024,16:52:00,42209.6,2265.69,0.4904,66.19,0.999
01-02-2024,16:52:59,42209.6,2265.69,0.4906,66.19,0.999
01-02-2024,16:53:59,42209.6,2265.69,0.4903,66.19,0.999
01-02-2024,16:55:00,42209.6,2265.69,0.4903,66.19,0.999
01-02-2024,16:56:00,42175.5,2265.52,0.4903,66.14,0.999
01-02-2024,16:56:59,42175.5,2265.52,0.4905,66.14,0.9991
01-02-2024,16:57:59,42175.5,2265.52,0.4906,66.14,0.9991
01-02-2024,16:58:59,42175.5,2265.52,0.4906,66.14,0.9991
01-02-2024,17:00:00,42175.5,2265.52,0.4904,66.14,0.9991
01-02-2024,17:01:00,42195,2266.98,0.49,66.1,0.9991
01-02-2024,17:02:00,42195,2266.98,0.4897,66.1,0.9991
01-02-2024,17:02:59,42195,2266.98,0.4897,66.1,0.9991
01-02-2024,17:03:59,42195,2266.98,0.4896,66.1,0.9991
01-02-2024,17:04:59,42195,2266.98,0.49,66.1,0.9991
01-02-2024,17:06:00,42199.4,2266.91,0.4894,66.15,0.9991
01-02-2024,17:06:59,42199.4,2266.91,0.4894,66.15,0.9991
01-02-2024,17:08:00,42199.4,2266.91,0.49,66.15,0.9991
01-02-2024,17:09:00,42199.4,2266.91,0.4902,66.15,0.9991
01-02-2024,17:10:00,42199.4,2266.91,0.4902,66.15,0.9991
01-02-2024,17:11:00,42225.7,2269.14,0.4902,66.2,0.9991
01-02-2024,17:11:59,42225.7,2269.14,0.4903,66.2,0.9991
05-02-2024,14:24:01,42977.4,2315.31,0.5016,67.54,0.9989
05-02-2024,14:24:59,42977.4,2315.31,0.5006,67.54,0.9989
05-02-2024,14:25:59,43000.5,2321.42,0.5005,67.59,0.9989
05-02-2024,14:26:59,43000.5,2321.42,0.5007,67.59,0.999
05-02-2024,14:27:59,43000.5,2321.42,0.5009,67.59,0.999
05-02-2024,14:29:00,43000.5,2321.42,0.501,67.59,0.9989
05-02-2024,14:29:59,43000.5,2321.42,0.5007,67.59,0.9989
05-02-2024,14:30:59,42998.8,2320.42,0.501,67.67,0.9989
05-02-2024,14:31:59,42998.8,2320.42,0.5007,67.67,0.9989
05-02-2024,14:32:59,42998.8,2320.42,0.5007,67.67,0.9989
05-02-2024,14:59:00,42958,2317.44,0.5011,67.75,0.9989
05-02-2024,15:00:00,42958,2317.44,0.5011,67.75,0.9989
05-02-2024,15:00:59,42946.9,2317.41,0.5009,67.77,0.9989
05-02-2024,15:02:00,42946.9,2317.41,0.5007,67.77,0.9988
05-02-2024,15:02:59,42946.9,2317.41,0.5007,67.77,0.9988
05-02-2024,15:03:59,42946.9,2317.41,0.5009,67.77,0.9989
05-02-2024,15:04:59,42946.9,2317.41,0.501,67.77,0.9989
05-02-2024,15:05:59,42926.5,2315.37,0.5008,67.72,0.9989
05-02-2024,15:07:00,42926.5,2315.37,0.5009,67.72,0.9989
05-02-2024,15:08:01,42926.5,2315.37,0.5007,67.72,0.9989
05-02-2024,15:09:00,42926.5,2315.37,0.5005,67.72,0.9989
05-02-2024,15:09:59,42926.5,2315.37,0.5005,67.72,0.9989
05-02-2024,15:11:00,42915.9,2314.01,0.5007,67.57,0.999
05-02-2024,15:11:59,42915.9,2314.01,0.5009,67.57,0.999
05-02-2024,15:12:59,42915.9,2314.01,0.5006,67.57,0.999
05-02-2024,15:13:59,42915.9,2314.01,0.5008,67.57,0.999
05-02-2024,15:14:59,42915.9,2314.01,0.5006,67.57,0.9991
05-02-2024,15:15:59,42931.1,2313.73,0.5006,67.75,0.9991
05-02-2024,15:17:01,42931.1,2313.73,0.5005,67.75,0.9991
05-02-2024,15:18:00,42931.1,2313.73,0.501,67.75,0.9991
05-02-2024,15:18:59,42931.1,2313.73,0.5007,67.75,0.9991
05-02-2024,15:20:00,42931.1,2313.73,0.5007,67.75,0.9991
05-02-2024,15:21:00,42960.2,2314.94,0.5007,67.76,0.9991
05-02-2024,15:22:00,42960.2,2314.94,0.5007,67.76,0.9991
05-02-2024,15:22:59,42960.2,2314.94,0.5008,67.76,0.9991
05-02-2024,15:23:59,42960.2,2314.94,0.5007,67.76,0.9991
05-02-2024,15:25:00,42960.2,2314.94,0.5013,67.76,0.9991
05-02-2024,15:25:59,42991.9,2315.52,0.501,67.81,0.9991
05-02-2024,15:26:59,42991.9,2315.52,0.5013,67.81,0.9991
05-02-2024,15:27:59,42991.9,2315.52,0.5012,67.81,0.9989
05-02-2024,15:28:59,42991.9,2315.52,0.5013,67.81,0.999
05-02-2024,15:30:00,42991.9,2315.52,0.5016,67.81,0.999
05-02-2024,15:30:59,42992.8,2318.23,0.5014,67.84,0.999
05-02-2024,15:32:00,42992.8,2318.23,0.501,67.84,0.999
05-02-2024,15:33:00,42992.8,2318.23,0.5005,67.84,0.999
05-02-2024,15:34:00,42992.8,2318.23,0.5006,67.84,0.999
05-02-2024,15:34:59,42992.8,2318.23,0.501,67.84,0.999
05-02-2024,15:36:00,43143.5,2326.75,0.501,67.86,0.999
05-02-2024,15:36:59,43143.5,2326.75,0.5014,67.86,0.999
05-02-2024,15:37:59,43143.5,2326.75,0.5012,67.86,0.999
05-02-2024,15:38:59,43143.5,2326.75,0.5012,67.86,0.999
05-02-2024,15:40:01,43143.5,2326.75,0.503,67.86,0.999
05-02-2024,15:40:59,,2324.31,0.503,67.79,0.999
05-02-2024,15:41:59,,2324.31,0.5024,67.79,0.9991
05-02-2024,15:42:59,,2324.31,0.5023,67.79,0.9991
05-02-2024,15:44:00,43126.8,2324.31,0.5025,67.79,0.9991
05-02-2024,15:45:00,,2324.31,0.5026,67.79,0.9991
05-02-2024,15:45:59,43129.2,2324.71,0.5026,67.86,0.9991
05-02-2024,15:47:00,43129.2,2324.71,0.5025,67.86,0.9991
05-02-2024,15:47:59,43129.2,2324.71,0.5024,67.86,0.9991
05-02-2024,15:49:00,43129.2,2324.71,0.5024,67.86,0.9991
05-02-2024,15:49:59,43129.2,2324.71,0.5024,67.86,0.9991
05-02-2024,15:51:00,43170.8,2324.67,0.5031,67.94,0.9991
05-02-2024,15:51:59,43170.8,2324.67,0.503,67.94,0.9991
05-02-2024,15:52:59,43170.8,2324.67,0.503,67.94,0.9991
05-02-2024,15:54:00,43170.8,2324.67,0.5035,67.94,0.9991
05-02-2024,15:54:59,43170.8,2324.67,0.5038,67.94,0.9991
05-02-2024,15:56:00,43123.9,2323.65,0.5038,67.92,0.9991
05-02-2024,15:56:59,43123.9,2323.65,0.5036,67.92,0.9991
05-02-2024,15:57:59,43123.9,2323.65,0.5036,67.92,0.9991
05-02-2024,15:58:59,43123.9,2323.65,0.5036,67.92,0.9991
05-02-2024,15:59:59,43123.9,2323.65,0.5034,67.92,0.9992
05-02-2024,16:01:00,43133.5,2324.66,0.5034,67.94,0.9992
05-02-2024,16:02:00,43133.5,2324.66,0.5034,67.94,0.9992
05-02-2024,16:02:59,43133.5,2324.66,0.5036,67.94,0.9992
05-02-2024,16:03:59,43133.5,2324.66,0.5031,67.94,0.9992
05-02-2024,16:04:59,43133.5,2324.66,0.5031,67.94,0.9992
05-02-2024,16:05:59,43143.9,2323.78,0.5031,67.91,0.9991
05-02-2024,16:06:59,43143.9,2323.78,0.5033,67.91,0.9991
05-02-2024,16:08:00,43143.9,2323.78,0.5033,67.91,0.9991
05-02-2024,16:09:00,43143.9,2323.78,0.5034,67.91,0.9991
05-02-2024,16:09:59,43143.9,2323.78,0.5039,67.91,0.9991
05-02-2024,16:11:00,43149.8,2323.69,0.5039,67.96,0.9991
05-02-2024,16:11:59,43149.8,2323.69,0.5037,67.96,0.9991
05-02-2024,16:12:59,43149.8,2323.69,0.5041,67.96,0.9991
05-02-2024,16:14:00,43149.8,2323.69,0.5041,67.96,0.9992
05-02-2024,16:15:00,43149.8,2323.69,0.5042,67.96,0.9992
05-02-2024,16:15:59,43148.2,2323.53,0.5041,67.94,0.9991
05-02-2024,16:17:00,43148.2,2323.53,0.5041,67.94,0.9991
05-02-2024,16:17:59,43148.2,2323.53,0.5037,67.94,0.9991
05-02-2024,16:18:59,43148.2,2323.53,0.5039,67.94,0.9991
05-02-2024,16:20:00,43148.2,2323.53,0.5039,67.94,0.9991
05-02-2024,16:21:00,43153,2323.3,0.5047,67.93,0.9991
05-02-2024,16:21:59,43153,2323.3,0.5047,67.93,0.9991
05-02-2024,16:22:59,43153,2323.3,0.5044,67.93,0.9991
05-02-2024,16:24:00,43153,2323.3,0.5049,67.93,0.9991
05-02-2024,16:25:00,43153,2323.3,0.5045,67.93,0.9991
05-02-2024,16:26:00,43076,2320.77,0.5045,68.01,0.9991
05-02-2024,16:27:00,43076,2320.77,0.5046,68.01,0.9991
05-02-2024,16:27:59,43076,2320.77,0.5044,68.01,0.9991
05-02-2024,16:28:59,43076,2320.77,0.5042,68.01,0.9991
05-02-2024,16:29:59,43076,2320.77,0.504,68.01,0.9991
05-02-2024,16:30:59,43101.9,2320.67,0.5037,67.96,0.9991
06-02-2024,23:04:00,43202.9,2357.41,0.4987,68.15,0.9995
06-02-2024,23:04:59,43202.9,2357.41,0.4987,68.15,0.9995
06-02-2024,23:06:00,43180.3,2355.06,0.4985,68.13,0.9995
06-02-2024,23:07:00,43180.3,2355.06,0.498,68.13,0.9995
06-02-2024,23:08:00,43180.3,2355.06,0.4981,68.13,0.9995
06-02-2024,23:09:00,43180.3,2355.06,0.4983,68.13,0.9995
06-02-2024,23:10:00,43180.3,2355.06,0.4982,68.13,0.9995
06-02-2024,23:10:59,43164.8,2353.44,0.4983,68.14,0.9995
06-02-2024,23:12:00,43164.8,2353.44,0.4985,68.14,0.9995
06-02-2024,23:12:59,43164.8,2353.44,0.4985,68.14,0.9995
06-02-2024,23:13:59,43164.8,2353.44,0.499,68.14,0.9994
06-02-2024,23:15:00,43164.8,2353.44,0.4986,68.14,0.9994
06-02-2024,23:16:02,43190.9,2352.98,0.4989,68.14,0.9994
06-02-2024,23:16:59,43190.9,2352.98,0.4988,68.14,0.9994
06-02-2024,23:18:00,43190.9,2352.98,0.4988,68.14,0.9994
06-02-2024,23:18:59,43190.9,2352.98,0.4988,68.14,0.9994
06-02-2024,23:20:00,43190.9,2352.98,0.4988,68.14,0.9994
06-02-2024,23:21:00,43218.3,2355.01,0.4988,68.19,0.9994
06-02-2024,23:22:00,43218.3,2355.01,0.4985,68.19,0.9994
06-02-2024,23:23:00,43218.3,2355.01,0.4984,68.19,0.9995
06-02-2024,23:23:59,43218.3,2355.01,0.4986,68.19,0.9995
06-02-2024,23:24:59,43218.3,2355.01,0.4985,68.19,0.9995
06-02-2024,23:26:00,43159.1,2350.71,0.4984,68.11,0.9995
06-02-2024,23:27:00,43159.1,2350.71,0.4984,68.11,0.9995
06-02-2024,23:28:00,43159.1,2350.71,0.4983,68.11,0.9995
06-02-2024,23:29:00,43159.1,2350.71,0.4983,68.11,0.9995
06-02-2024,23:29:59,43159.1,2350.71,0.498,68.11,0.9995
06-02-2024,23:31:01,43170.1,2353.33,0.4977,68.12,0.9995
06-02-2024,23:31:59,43170.1,2353.33,0.4978,68.12,0.9995
06-02-2024,23:33:00,43170.1,2353.33,0.4978,68.12,0.9995
06-02-2024,23:34:01,43170.1,2353.33,0.4977,68.12,0.9995
06-02-2024,23:35:01,43170.1,2353.33,0.498,68.12,0.9995
06-02-2024,23:36:02,43209.9,2353.98,0.4981,68.17,0.9995
06-02-2024,23:36:59,43209.9,2353.98,0.498,68.17,0.9994
06-02-2024,23:37:59,43209.9,2353.98,0.498,68.17,0.9995
06-02-2024,23:38:59,43209.9,2353.98,0.4979,68.17,0.9995
06-02-2024,23:40:00,43209.9,2353.98,0.4989,68.17,0.9995
06-02-2024,23:40:59,43221.3,2355.42,0.499,68.24,0.9994
07-02-2024,14:21:00,42926.6,2361.8,0.4834,68.07,0.9992
07-02-2024,14:21:59,42926.6,2361.8,0.4833,68.07,0.9992
07-02-2024,14:22:59,42926.6,2361.8,0.483,68.07,0.9992
07-02-2024,14:24:00,42926.6,2361.8,0.483,68.07,0.9992
07-02-2024,14:25:00,42926.6,2361.8,0.4831,68.07,0.9992
07-02-2024,14:26:00,42915.2,2362.04,0.483,68,0.9992
07-02-2024,14:26:59,42915.2,2362.04,0.4836,68,0.9992
07-02-2024,14:28:00,42915.2,2362.04,0.4836,68,0.9993
07-02-2024,14:29:00,42915.2,2362.04,0.483,68,0.9993
07-02-2024,14:29:59,42915.2,2362.04,0.483,68,0.9993
07-02-2024,14:31:00,42915.7,2361.56,0.4833,68.02,0.9993
07-02-2024,14:32:00,42915.7,2361.56,0.4831,68.02,0.9993
07-02-2024,14:32:59,42915.7,2361.56,0.4831,68.02,0.9992
07-02-2024,14:34:00,42915.7,2361.56,0.4827,68.02,0.9993
07-02-2024,14:35:00,42915.7,2361.56,0.4824,68.02,0.9993
07-02-2024,14:35:59,42924.4,2361.3,0.482,68.07,0.9993
07-02-2024,14:36:59,42924.4,2361.3,0.4821,68.07,0.9993
07-02-2024,14:38:00,42924.4,2361.3,0.4821,68.07,0.9993
07-02-2024,14:39:00,42924.4,2361.3,0.4818,68.07,0.9993
07-02-2024,14:39:59,42924.4,2361.3,0.4818,68.07,0.9993
07-02-2024,14:41:15,,,0.4812,68.06,0.9993
07-02-2024,14:42:00,42905.6,2361.13,0.4812,68.06,0.9993
07-02-2024,14:43:00,42905.6,2361.13,0.481,68.06,0.9993
07-02-2024,14:43:59,42905.6,2361.13,0.4814,68.06,0.9993
07-02-2024,14:44:59,42905.6,2361.13,0.4813,68.06,0.9993
07-02-2024,14:46:00,42906.8,2361.77,0.4813,68.02,0.9993
07-02-2024,14:47:00,42906.8,2361.77,0.48,68.02,0.9992
07-02-2024,14:47:59,42906.8,2361.77,0.48,68.02,0.9992
07-02-2024,14:48:59,42906.8,2361.77,0.48,68.02,0.9992
07-02-2024,14:49:59,42906.8,2361.77,0.48,68.02,0.9992
07-02-2024,14:50:59,42928.8,2362.73,0.4806,68.02,0.9992
07-02-2024,14:51:59,42928.8,2362.73,0.4808,68.02,0.9992
07-02-2024,14:52:59,42928.8,2362.73,0.4806,68.02,0.9992
07-02-2024,14:54:00,42928.8,2362.73,0.4806,68.02,0.9992
07-02-2024,14:55:00,42928.8,2362.73,0.4812,68.02,0.9992
07-02-2024,14:55:59,42940.1,2364,0.481,68.03,0.9992
07-02-2024,14:57:00,42940.1,2364,0.481,68.03,0.9992
07-02-2024,14:57:59,42940.1,2364,0.481,68.03,0.9992
07-02-2024,14:58:59,42940.1,2364,0.481,68.03,0.9992
07-02-2024,15:00:00,42940.1,2364,0.481,68.03,0.9992
07-02-2024,15:00:59,42933.2,2363.39,0.481,68.03,0.9992
07-02-2024,15:02:00,42933.2,2363.39,0.4814,68.03,0.9992
07-02-2024,15:02:59,42933.2,2363.39,0.4813,68.03,0.9992
07-02-2024,15:04:00,42933.2,2363.39,0.481,68.03,0.9992
07-02-2024,15:04:59,42933.2,2363.39,0.481,68.03,0.9992
07-02-2024,15:05:59,43029.1,2369.98,0.4813,68.13,0.9992
07-02-2024,15:07:00,43029.1,2369.98,0.4813,68.13,0.9992
07-02-2024,15:07:59,43029.1,2369.98,0.4813,68.13,0.9992
07-02-2024,15:08:59,43029.1,2369.98,0.4813,68.13,0.9993
07-02-2024,15:09:59,43029.1,2369.98,0.4817,68.13,0.9993
07-02-2024,15:11:00,43108.7,2372.14,0.4817,68.2,0.9993
07-02-2024,15:12:00,43108.7,2372.14,0.4816,68.2,0.9993
07-02-2024,15:12:59,43108.7,2372.14,0.4819,68.2,0.9993
07-02-2024,15:13:59,43108.7,2372.14,0.4824,68.2,0.9993
07-02-2024,15:15:00,43108.7,2372.14,0.4806,68.2,0.9993
07-02-2024,15:15:59,43143.7,2371.48,0.4806,68.16,0.9993
07-02-2024,15:16:59,43143.7,2371.48,0.481,68.16,0.9993
07-02-2024,15:17:59,43143.7,2371.48,0.4811,68.16,0.9993
07-02-2024,15:19:00,43143.7,2371.48,0.4811,68.16,0.9993
07-02-2024,15:19:59,43143.7,2371.48,0.4812,68.16,0.9993
07-02-2024,15:21:00,43158.8,2370.88,0.4812,68.11,0.9993
07-02-2024,15:22:00,43158.8,2370.88,0.4818,68.11,0.9993
07-02-2024,15:22:59,43158.8,2370.88,0.4819,68.11,0.9993
07-02-2024,15:23:59,43158.8,2370.88,0.4822,68.11,0.9993
07-02-2024,15:25:00,43158.8,2370.88,0.4808,68.11,0.9993
07-02-2024,15:26:00,43127.1,2369.46,0.4808,68.08,0.9993
07-02-2024,15:27:05,43127.1,2369.46,0.4807,68.08,0.9993
07-02-2024,15:27:59,43127.1,2369.46,0.4808,68.08,0.9993
07-02-2024,15:28:59,43127.1,2369.46,0.4808,68.08,0.9993
07-02-2024,15:30:00,43127.1,2369.46,0.4803,68.08,0.9993
07-02-2024,15:30:59,43114.4,2369.88,0.4805,68.16,0.9993
07-02-2024,15:32:00,43114.4,2369.88,0.4806,68.16,0.9993
07-02-2024,15:32:59,43114.4,2369.88,0.481,68.16,0.9993
07-02-2024,15:33:59,43114.4,2369.88,0.4813,68.16,0.9993
07-02-2024,15:34:59,43114.4,2369.88,0.4812,68.16,0.9993
07-02-2024,15:36:00,43064.2,2367.17,0.4805,67.99,0.9993
07-02-2024,15:37:00,43064.2,2367.17,0.4805,67.99,0.9993
07-02-2024,15:38:00,43064.2,2367.17,0.4802,67.99,0.9993
07-02-2024,15:38:59,43064.2,2367.17,0.4802,67.99,0.9993
07-02-2024,15:39:59,43064.2,2367.17,0.4802,67.99,0.9993
07-02-2024,15:41:00,43100.6,2369.09,0.4802,68.1,0.9993
07-02-2024,15:42:00,43100.6,2369.09,0.4798,68.1,0.9993
07-02-2024,15:43:00,43100.6,2369.09,0.4801,68.1,0.9993
07-02-2024,15:43:59,43100.6,2369.09,0.4801,68.1,0.9993
07-02-2024,15:45:00,43100.6,2369.09,0.4802,68.1,0.9993
07-02-2024,15:45:59,43070.6,2367.09,0.4798,68.06,0.9993
07-02-2024,15:46:59,43070.6,2367.09,0.4805,68.06,0.9993
07-02-2024,15:47:59,43070.6,2367.09,0.4799,68.06,0.9993
07-02-2024,15:48:59,43070.6,2367.09,0.4802,68.06,0.9993
07-02-2024,15:49:59,43070.6,2367.09,0.4805,68.06,0.9993
07-02-2024,15:50:59,43069.2,2367.13,0.4806,68.04,0.9993
07-02-2024,15:52:00,43069.2,2367.13,0.4806,68.04,0.9994
07-02-2024,15:53:00,43069.2,2367.13,0.4806,68.04,0.9994
07-02-2024,15:53:59,43069.2,2367.13,0.4807,68.04,0.9994
07-02-2024,15:54:59,43069.2,2367.13,0.4808,68.04,0.9993
07-02-2024,15:55:59,43094.9,2368.76,0.4807,68.11,0.9993
07-02-2024,15:57:00,43094.9,2368.76,0.4808,68.11,0.9993
07-02-2024,15:57:59,43094.9,2368.76,0.4812,68.11,0.9994
07-02-2024,15:59:00,43094.9,2368.76,0.4813,68.11,0.9993
07-02-2024,16:00:00,43094.9,2368.76,0.4815,68.11,0.9993
07-02-2024,16:00:59,43076.4,2369.03,0.4815,68.12,0.9993
07-02-2024,16:01:59,43076.4,2369.03,0.4818,68.12,0.9993
07-02-2024,16:02:59,43076.4,2369.03,0.4819,68.12,0.9993
07-02-2024,16:04:00,43076.4,2369.03,0.4818,68.12,0.9993
07-02-2024,16:04:59,43076.4,2369.03,0.4814,68.12,0.9993
07-02-2024,16:05:59,43093.9,2369.3,0.4814,68.15,0.9993
07-02-2024,16:06:59,43093.9,2369.3,0.4814,68.15,0.9993
07-02-2024,16:07:59,43093.9,2369.3,0.482,68.15,0.9993
07-02-2024,16:08:59,43093.9,2369.3,0.4817,68.15,0.9994
07-02-2024,16:10:00,43093.9,2369.3,0.482,68.15,0.9994
07-02-2024,16:11:00,43035.7,2366.57,0.4817,68.03,0.9994
07-02-2024,16:11:59,43035.7,2366.57,0.4817,68.03,0.9994
07-02-2024,16:13:00,43035.7,2366.57,0.4822,68.03,0.9994
07-02-2024,16:14:00,43035.7,2366.57,0.4821,68.03,0.9994
07-02-2024,16:14:59,43035.7,2366.57,0.4825,68.03,0.9994
07-02-2024,16:15:59,43031,2366.1,0.4823,68.02,0.9994
07-02-2024,16:17:00,43031,2366.1,0.4827,68.02,0.9994
07-02-2024,16:18:00,43031,2366.1,0.4827,68.02,0.9994
07-02-2024,16:18:59,43031,2366.1,0.4824,68.02,0.9994
07-02-2024,16:19:59,43031,2366.1,0.4821,68.02,0.9994
07-02-2024,16:21:00,42995.3,2363.3,0.4821,67.97,0.9994
07-02-2024,16:21:59,42995.3,2363.3,0.4822,67.97,0.9994
07-02-2024,16:22:59,42995.3,2363.3,0.4816,67.97,0.9994
07-02-2024,16:24:00,42995.3,2363.3,0.4816,67.97,0.9994
07-02-2024,16:25:00,42995.3,2363.3,0.4813,67.97,0.9994
07-02-2024,16:26:00,42866,2355.94,0.4815,67.88,0.9994
07-02-2024,16:26:59,42866,2355.94,0.4814,67.88,0.9994
07-02-2024,16:27:59,42866,2355.94,0.4797,67.88,0.9994
07-02-2024,16:28:59,42866,2355.94,0.4797,67.88,0.9994
10-02-2024,08:52:51,47417,2510.05,0.542,71,1.0006
10-02-2024,08:55:19,47417,2510.05,0.5426,71,1.0006
10-02-2024,08:56:01,47489.4,2512,0.5425,71.04,1.0006
10-02-2024,08:57:01,47489.4,2512,0.5425,71.04,1.0006
10-02-2024,08:57:59,47489.4,2512,0.5426,71.04,1.0006
10-02-2024,08:59:00,47489.4,2512,0.5426,71.04,1.0006
10-02-2024,09:00:00,47489.4,2512,0.5427,71.04,1.0006
10-02-2024,09:01:00,47494.4,2510.96,0.5427,71.01,1.0006
10-02-2024,09:01:59,47494.4,2510.96,0.5427,71.01,1.0006
10-02-2024,09:02:59,47494.4,2510.96,0.5425,71.01,1.0006
10-02-2024,09:04:00,47494.4,2510.96,0.5421,71.01,1.0005
10-02-2024,09:04:59,47494.4,2510.96,0.5425,71.01,1.0005
10-02-2024,09:06:00,47452.4,2511.92,0.5427,70.98,1.0005
10-02-2024,09:06:59,47452.4,2511.92,0.5426,70.98,1.0005
10-02-2024,09:07:59,47452.4,2511.92,0.5429,70.98,1.0005
10-02-2024,09:08:59,47452.4,2511.92,0.5437,70.98,1.0005
10-02-2024,09:10:00,47452.4,2511.92,0.5437,70.98,1.0005
10-02-2024,09:10:59,47429.3,2514.98,0.5439,70.99,1.0006
10-02-2024,09:11:58,47429.3,2514.98,0.5437,70.99,1.0006
10-02-2024,09:12:59,47429.3,2514.98,0.5435,70.99,1.0006
10-02-2024,09:13:59,47429.3,2514.98,0.5434,70.99,1.0006
10-02-2024,09:14:59,47429.3,2514.98,0.5432,70.99,1.0006
10-02-2024,09:16:00,47451.3,2514.54,0.5433,70.95,1.0006
10-02-2024,09:17:00,47451.3,2514.54,0.5428,70.95,1.0005
10-02-2024,09:18:00,47451.3,2514.54,0.5428,70.95,1.0006
10-02-2024,09:19:00,47451.3,2514.54,0.542,70.95,1.0006
10-02-2024,09:19:58,47451.3,2514.54,0.5414,70.95,1.0006
10-02-2024,09:21:00,47415.1,2512.38,0.5414,70.91,1.0006
10-02-2024,09:21:59,47415.1,2512.38,0.5418,70.91,1.0006
10-02-2024,09:23:00,47415.1,2512.38,0.5421,70.91,1.0006
10-02-2024,09:23:59,47415.1,2512.38,0.5419,70.91,1.0006
10-02-2024,09:24:59,47415.1,2512.38,0.542,70.91,1.0006
10-02-2024,09:25:59,47406.5,2512.13,0.5423,70.86,1.0006
12-02-2024,16:05:00,48022.6,2482.35,0.5351,70.7,1
12-02-2024,16:05:59,47998.1,2483.14,0.5354,70.68,1
12-02-2024,16:06:59,47998.1,2483.14,0.5353,70.68,1
12-02-2024,16:07:59,47998.1,2483.14,0.5354,70.68,1
12-02-2024,16:08:59,47998.1,2483.14,0.5359,70.68,1
12-02-2024,16:10:00,47998.1,2483.14,0.5359,70.68,1
12-02-2024,16:10:59,47990.6,2483.73,0.536,70.68,1
12-02-2024,16:12:01,47990.6,2483.73,0.5357,70.68,1
12-02-2024,16:13:00,47990.6,2483.73,0.5358,70.68,1
12-02-2024,16:13:59,47990.6,2483.73,0.5359,70.68,1
12-02-2024,16:14:59,47990.6,2483.73,0.5359,70.68,1
12-02-2024,16:16:00,48002.9,2484.29,0.5358,70.79,1
12-02-2024,16:16:59,48002.9,2484.29,0.5358,70.79,1
12-02-2024,16:17:59,48002.9,2484.29,0.5354,70.79,1
12-02-2024,16:18:59,48002.9,2484.29,0.5357,70.79,1
12-02-2024,16:19:59,48002.9,2484.29,0.5357,70.79,1
12-02-2024,16:21:00,47958,2482.89,0.5357,70.77,1
12-02-2024,16:22:00,47958,2482.89,0.5354,70.77,1
12-02-2024,16:23:00,47958,2482.89,0.5353,70.77,1
12-02-2024,16:24:00,47958,2482.89,0.5349,70.77,1
12-02-2024,16:24:59,47958,2482.89,0.5338,70.77,1
12-02-2024,16:25:59,47915.6,2480.73,0.5339,70.72,0.9999
12-02-2024,16:26:59,47915.6,2480.73,0.5339,70.72,1
12-02-2024,16:28:00,47915.6,2480.73,0.5341,70.72,1
12-02-2024,16:29:00,47915.6,2480.73,0.534,70.72,1
12-02-2024,16:29:59,47915.6,2480.73,0.534,70.72,1
12-02-2024,16:31:00,47874,2480.71,0.534,70.81,1
12-02-2024,16:31:59,47874,2480.71,0.5343,70.81,1
12-02-2024,16:33:00,47874,2480.71,0.5341,70.81,1
12-02-2024,16:33:59,47874,2480.71,0.5346,70.81,1
12-02-2024,16:34:59,47874,2480.71,0.5346,70.81,1
12-02-2024,16:36:01,47846.4,2479.55,0.5342,70.77,1
12-02-2024,16:37:01,47846.4,2479.55,0.5341,70.77,1
12-02-2024,16:38:00,47846.4,2479.55,0.5341,70.77,1
12-02-2024,16:39:00,47846.4,2479.55,0.5342,70.77,1
12-02-2024,16:40:00,47846.4,2479.55,0.5342,70.77,1
12-02-2024,16:41:00,47861.3,2481.12,0.5337,70.79,1
12-02-2024,16:42:01,47861.3,2481.12,0.5337,70.79,1
12-02-2024,16:43:00,47861.3,2481.12,0.5338,70.79,1
12-02-2024,16:43:59,47861.3,2481.12,0.5338,70.79,1
12-02-2024,16:44:59,47861.3,2481.12,0.5333,70.79,1
12-02-2024,16:45:59,47854.5,2479.96,0.5333,70.79,1
12-02-2024,16:47:01,47854.5,2479.96,0.5331,70.79,1
17-02-2024,23:50:59,51183.7,2768.74,0.5823,69.53,1.0003
18-02-2024,10:26:01,51583.3,2797.07,0.6257,70.43,1.0004
18-02-2024,10:27:00,51583.3,2797.07,0.6262,70.43,1.0004
18-02-2024,11:44:00,51696.2,2806.16,0.6258,70.44,1.0003
18-02-2024,11:44:59,51696.2,2806.16,0.6258,70.44,1.0003
18-02-2024,11:45:59,51609.9,,0.6258,70.31,1.0003
18-02-2024,11:47:00,51609.9,,0.6254,70.31,1.0003
18-02-2024,11:48:00,51609.9,,0.6259,70.31,1.0003
18-02-2024,11:49:00,51609.9,,0.6262,70.31,1.0003
18-02-2024,11:50:00,51609.9,,0.6264,70.31,1.0003
18-02-2024,11:51:01,51598.1,,0.6259,70.32,1.0003
18-02-2024,11:52:01,51598.1,,0.626,70.32,1.0003
20-02-2024,19:34:00,52854.8,2996.75,0.6379,70.97,1.0002
20-02-2024,19:34:59,52854.8,2996.75,0.6378,70.97,1.0002
20-02-2024,19:36:00,52811.6,3003.42,0.6385,71.1,1.0001
20-02-2024,19:36:59,52811.6,3003.42,0.6382,71.1,1.0002
20-02-2024,19:37:59,52811.6,3003.42,0.6366,71.1,1.0002
20-02-2024,19:39:01,52811.6,3003.42,0.6356,71.1,1.0002
20-02-2024,19:40:00,52811.6,3003.42,0.6352,71.1,1.0002
20-02-2024,19:40:59,52412,2979.91,0.6349,70.74,1.0002
20-02-2024,19:41:59,52412,2979.91,0.6362,70.74,1.0001
20-02-2024,19:42:59,52412,2979.91,0.6345,70.74,1.0001
20-02-2024,19:43:58,52412,2979.91,0.6345,70.74,1.0001
20-02-2024,19:44:59,52412,2979.91,0.634,70.74,1.0001
20-02-2024,19:46:00,52248.8,2972.34,0.6346,70.55,1.0002
20-02-2024,19:47:00,52248.8,2972.34,0.6351,70.55,1.0001
20-02-2024,19:48:00,52248.8,2972.34,0.6341,70.55,1.0001
20-02-2024,19:49:00,52248.8,2972.34,0.6331,70.55,1.0002
20-02-2024,19:50:00,52248.8,2972.34,0.6328,70.55,1.0002
20-02-2024,19:51:00,52219.3,2975,0.6292,70.56,1.0002
20-02-2024,19:51:59,52219.3,2975,0.6292,70.56,1.0002
20-02-2024,19:52:59,52219.3,2975,0.6291,70.56,1.0001
20-02-2024,19:53:59,52219.3,2975,0.6283,70.56,1.0002
20-02-2024,19:54:59,52219.3,2975,0.6278,70.56,1.0002
20-02-2024,19:55:59,52083.5,2954.83,0.6276,70.12,1.0002
20-02-2024,19:56:59,52083.5,2954.83,0.628,70.12,1.0002
20-02-2024,19:58:00,52083.5,2954.83,0.6279,70.12,1.0002
20-02-2024,19:58:59,52083.5,2954.83,0.6279,70.12,1.0002
20-02-2024,20:00:00,52083.5,2954.83,0.6279,70.12,1.0002
20-02-2024,20:00:59,52300,2968.59,0.6272,70.41,1.0002
20-02-2024,20:01:59,52300,2968.59,0.6268,70.41,1.0002
20-02-2024,20:03:00,52300,2968.59,0.6268,70.41,1.0001
20-02-2024,20:04:01,52300,2968.59,0.6273,70.41,1.0001
20-02-2024,20:04:59,52300,2968.59,0.6276,70.41,1.0001
21-02-2024,18:26:00,51319.6,2921.17,0.5922,68.45,1.0002
21-02-2024,18:27:00,51319.6,2921.17,0.5921,68.45,1.0002
21-02-2024,18:27:59,51319.6,2921.17,0.5914,68.45,1.0002
21-02-2024,18:29:00,51319.6,2921.17,0.5912,68.45,1.0002
21-02-2024,18:30:01,51319.6,2921.17,0.5913,68.45,1.0002
21-02-2024,18:30:59,51327.2,2921.49,0.5914,68.5,1.0002
21-02-2024,18:32:00,51327.2,2921.49,0.5912,68.5,1.0002
21-02-2024,18:33:00,51327.2,2921.49,0.5915,68.5,1.0002
21-02-2024,18:33:59,51327.2,2921.49,0.5915,68.5,1.0001
21-02-2024,18:35:01,51327.2,2921.49,0.5915,68.5,1.0001
21-02-2024,18:35:59,51318.6,2921.02,0.5919,68.46,1.0001
21-02-2024,18:37:00,51318.6,2921.02,0.5918,68.46,1.0001
21-02-2024,18:37:59,51318.6,2921.02,0.5919,68.46,1.0001
21-02-2024,18:39:00,51318.6,2921.02,0.5921,68.46,1.0001
21-02-2024,18:40:01,51318.6,2921.02,0.5925,68.46,1.0001
21-02-2024,18:41:00,51446.7,2928.57,0.5923,68.59,1.0001
21-02-2024,18:41:59,51446.7,2928.57,0.5932,68.59,1.0001
21-02-2024,18:42:59,51446.7,2928.57,0.5933,68.59,1.0001
21-02-2024,18:43:59,51446.7,2928.57,0.5933,68.59,1.0001
21-02-2024,18:45:00,51446.7,2928.57,0.5933,68.59,1.0001
21-02-2024,18:46:00,51340.8,2925.07,0.5937,68.54,1.0001
21-02-2024,18:46:59,51340.8,2925.07,0.5937,68.54,1.0001
21-02-2024,18:47:59,51340.8,2925.07,0.5939,68.54,1.0001
21-02-2024,18:48:59,51340.8,2925.07,0.5934,68.54,1.0001
21-02-2024,18:49:59,51340.8,2925.07,0.5937,68.54,1.0001
21-02-2024,18:50:59,51238.7,2918.04,0.5929,68.43,1.0001
21-02-2024,18:52:00,51238.7,2918.04,0.5931,68.43,1.0001
21-02-2024,18:53:00,51238.7,2918.04,0.5926,68.43,1.0001
21-02-2024,18:54:00,51238.7,2918.04,0.5926,68.43,1.0001
21-02-2024,18:54:59,51238.7,2918.04,0.5916,68.43,1.0001
21-02-2024,18:55:59,51103.6,2910.59,0.5913,68.42,1.0001
21-02-2024,18:56:59,51103.6,2910.59,0.5907,68.42,1.0001
21-02-2024,18:58:00,51103.6,2910.59,0.5907,68.42,1.0001
21-02-2024,18:59:01,51103.6,2910.59,0.5911,68.42,1.0001
21-02-2024,19:00:00,51103.6,2910.59,0.5903,68.42,1.0001
21-02-2024,19:00:59,51106.1,2908.09,0.5901,68.37,1.0001
21-02-2024,19:02:00,51106.1,2908.09,0.5903,68.37,1
21-02-2024,19:03:00,51106.1,2908.09,0.5892,68.37,1
21-02-2024,19:04:00,51106.1,2908.09,0.5893,68.37,1
21-02-2024,19:05:01,51106.1,2908.09,0.5901,68.37,1
21-02-2024,19:06:00,50938.6,2900.69,0.5896,68.15,1
21-02-2024,19:06:59,50938.6,2900.69,0.5902,68.15,1
21-02-2024,19:07:59,50938.6,2900.69,0.59,68.15,1
21-02-2024,19:09:00,50938.6,2900.69,0.5896,68.15,1
21-02-2024,19:10:00,50938.6,2900.69,0.5893,68.15,1
21-02-2024,19:10:59,50996.3,2901.07,0.5893,68.23,1
21-02-2024,19:11:59,50996.3,2901.07,0.5888,68.23,1
21-02-2024,19:13:00,50996.3,2901.07,0.5894,68.23,1
21-02-2024,19:14:00,50996.3,2901.07,0.5891,68.23,1
21-02-2024,19:15:00,50996.3,2901.07,0.589,68.23,1
21-02-2024,19:15:59,51136,2904.75,0.5889,68.29,1
21-02-2024,19:16:59,51136,2904.75,0.5889,68.29,1
21-02-2024,19:18:00,51136,2904.75,0.5887,68.29,1
21-02-2024,19:18:59,51136,2904.75,0.5886,68.29,1
21-02-2024,19:20:00,51136,2904.75,0.5894,68.29,1
21-02-2024,19:20:59,51087.1,2899.48,0.5893,68.3,1
21-02-2024,19:22:00,51087.1,2899.48,0.5891,68.3,1
21-02-2024,19:22:59,51087.1,2899.48,0.5897,68.3,1
21-02-2024,19:24:00,51087.1,2899.48,0.5894,68.3,1
21-02-2024,19:25:00,51087.1,2899.48,0.5894,68.3,1
21-02-2024,19:25:59,51081.2,2897.82,0.5903,68.32,1
21-02-2024,19:27:00,51081.2,2897.82,0.5905,68.32,1
21-02-2024,19:27:59,51081.2,2897.82,0.5904,68.32,1
21-02-2024,19:28:59,51081.2,2897.82,0.5903,68.32,1
21-02-2024,19:29:59,51081.2,2897.82,0.5903,68.32,1
21-02-2024,19:30:59,51189.6,2907.9,0.5901,68.41,1
21-02-2024,19:31:59,51189.6,2907.9,0.5899,68.41,1
21-02-2024,19:33:00,51189.6,2907.9,0.5904,68.41,1
21-02-2024,19:33:59,51189.6,2907.9,0.5915,68.41,1
21-02-2024,19:34:59,51189.6,2907.9,0.591,68.41,1
21-02-2024,19:36:00,51108.6,2901.99,0.5898,68.29,1
21-02-2024,19:36:59,51108.6,2901.99,0.5891,68.29,1
21-02-2024,19:37:59,51108.6,2901.99,0.5898,68.29,1
21-02-2024,19:39:00,51108.6,2901.99,0.5897,68.29,1
21-02-2024,19:40:00,51108.6,2901.99,0.59,68.29,1
21-02-2024,19:40:59,51141.3,2905.48,0.5896,68.29,1
21-02-2024,19:42:00,51141.3,2905.48,0.589,68.29,1
21-02-2024,19:43:00,51141.3,2905.48,0.5889,68.29,1
21-02-2024,19:43:59,51141.3,2905.48,0.5888,68.29,1
21-02-2024,19:45:00,51141.3,2905.48,0.5881,68.29,1
21-02-2024,19:45:58,51108.1,2898.9,0.5885,68.2,1
21-02-2024,19:47:00,51108.1,2898.9,0.5882,68.2,
21-02-2024,19:48:00,51108.1,2898.9,0.5875,68.2,1
21-02-2024,19:48:59,51108.1,2898.9,0.5876,68.2,0.9999
21-02-2024,19:49:59,51108.1,2898.9,0.587,68.2,0.9999
21-02-2024,19:51:00,50966.2,2886.89,0.5868,67.85,0.9999
21-02-2024,19:51:59,50966.2,2886.89,0.587,67.85,0.9999
24-02-2024,19:51:59,51754,2983.16,0.5298,68.42,1.0011
25-02-2024,18:08:01,51594.2,3034.31,0.5876,69.98,0.9999
25-02-2024,18:09:00,51594.2,3034.31,0.5873,69.98,0.9999
25-02-2024,18:10:00,51594.2,3034.31,0.5875,69.98,0.9999
25-02-2024,18:11:00,51585.3,3033.36,0.5871,69.91,0.9999
25-02-2024,18:12:00,51585.3,3033.36,0.5874,69.91,0.9999
25-02-2024,18:12:59,51585.3,3033.36,0.5874,69.91,0.9999
25-02-2024,18:14:00,51585.3,3033.36,0.5875,69.91,0.9999
25-02-2024,18:15:00,51585.3,3033.36,0.5878,69.91,0.9999
25-02-2024,18:16:00,51594.7,3037.7,0.5873,69.95,0.9999
25-02-2024,18:16:59,51594.7,3037.7,0.5873,69.95,0.9999
25-02-2024,18:17:59,51594.7,3037.7,0.5875,69.95,0.9999
25-02-2024,18:18:58,51594.7,3037.7,0.5876,69.95,0.9999
25-02-2024,18:19:59,51594.7,3037.7,0.5878,69.95,0.9999
25-02-2024,18:21:00,51632.9,3039.87,0.5878,69.95,0.9999
25-02-2024,18:21:59,51632.9,3039.87,0.5878,69.95,0.9999
25-02-2024,18:22:59,51632.9,3039.87,0.5876,69.95,0.9999
25-02-2024,18:24:00,51632.9,3039.87,0.588,69.95,0.9999
25-02-2024,18:24:59,51632.9,3039.87,0.5878,69.95,0.9999
25-02-2024,18:25:59,51633.6,3038.92,0.5882,69.98,0.9999
25-02-2024,18:27:00,51633.6,3038.92,0.5881,69.98,0.9999
25-02-2024,18:27:59,51633.6,3038.92,0.5882,69.98,0.9999
25-02-2024,18:29:00,51633.6,3038.92,0.5882,69.98,0.9999
25-02-2024,18:30:00,51633.6,3038.92,0.5882,69.98,0.9999
25-02-2024,18:30:59,51660.3,3043.67,0.5883,70,0.9999
25-02-2024,18:32:00,51660.3,3043.67,0.5881,70,0.9999
25-02-2024,18:33:00,51660.3,3043.67,0.5883,70,0.9999
29-02-2024,23:32:00,60978.1,3383.09,0.6679,82.18,1.0008
29-02-2024,23:33:00,60978.1,3383.09,0.6701,82.18,1.0008
29-02-2024,23:34:01,60978.1,3383.09,0.6701,82.18,1.0008
29-02-2024,23:34:59,60978.1,3383.09,0.6703,82.18,0.9999
29-02-2024,23:36:00,60960.2,3393.2,0.67,81.95,0.9999
29-02-2024,23:36:59,60960.2,3393.2,0.6691,81.95,0.9999
29-02-2024,23:37:58,60960.2,3393.2,0.67,81.95,0.9999
29-02-2024,23:38:59,60960.2,3393.2,0.6699,81.95,0.9999
29-02-2024,23:39:59,60960.2,3393.2,0.6696,81.95,0.9999
29-02-2024,23:40:59,61410.0,3406.33,0.6699,82.8,0.9999
29-02-2024,23:41:59,61410.0,3406.33,0.6699,82.8,0.9999
29-02-2024,23:43:00,61410.0,3406.33,0.6695,82.8,0.9999
29-02-2024,23:43:59,61410.0,3406.33,0.6699,82.8,0.9999
29-02-2024,23:44:59,61410.0,3406.33,0.6704,82.8,0.9998
29-02-2024,23:46:00,61383.1,3404.26,0.6704,82.91,0.9998
29-02-2024,23:47:00,61383.1,3404.26,0.6714,82.91,0.9998
29-02-2024,23:47:59,61383.1,3404.26,0.6725,82.91,0.9999
29-02-2024,23:49:01,61383.1,3404.26,0.6731,82.91,0.9999
29-02-2024,23:50:01,61383.1,3404.26,0.6711,82.91,0.9999
29-02-2024,23:50:59,61338.0,3400.56,0.6711,82.87,0.9999
29-02-2024,23:52:01,61338.0,3400.56,0.6723,82.87,0.9998
29-02-2024,23:53:01,61338.0,3400.56,0.6734,82.87,0.9999
29-02-2024,23:53:59,61338.0,3400.56,0.6734,82.87,0.9999
29-02-2024,23:55:01,61338.0,3400.56,0.6731,82.87,0.9999
29-02-2024,23:55:59,61273.3,3398.16,0.6739,82.76,0.9999
29-02-2024,23:57:02,61273.3,3398.16,0.674,82.76,0.9998
29-02-2024,23:58:00,61273.3,3398.16,0.6739,82.76,0.9998
29-02-2024,23:59:00,61273.3,3398.16,0.6739,82.76,0.9998
02-03-2024,22:35:59,61931.3,3431.2,0.7335,92.17,1.0011
02-03-2024,22:37:00,61931.3,3431.2,0.7356,92.17,1.0011
02-03-2024,22:38:00,61931.3,3431.2,0.7356,92.17,1.0011
02-03-2024,22:38:59,61931.3,3431.2,0.7359,92.17,1.0011
02-03-2024,22:39:59,61931.3,3431.2,0.736,92.17,1.0011
02-03-2024,22:41:00,61950.4,3432.22,0.737,92.39,1.0011
02-03-2024,22:42:00,61950.4,3432.22,0.7374,92.39,1.0011
02-03-2024,22:42:59,61950.4,3432.22,0.7369,92.39,1.0011
02-03-2024,22:43:59,61950.4,3432.22,0.737,92.39,1.0011
02-03-2024,22:45:00,61950.4,3432.22,0.737,92.39,1.0011
02-03-2024,22:46:00,61915.8,3430.2,,91.96,1.0011
02-03-2024,22:46:59,61915.8,3430.2,,91.96,1.0011
02-03-2024,22:47:59,61915.8,3430.2,,91.96,1.0012
02-03-2024,22:49:00,61915.8,3430.2,,91.96,1.0012
02-03-2024,22:50:00,61915.8,3430.2,,91.96,1.0012
02-03-2024,22:50:59,61928.9,3426.83,,91.66,1.0012
02-03-2024,22:52:01,61928.9,3426.83,,91.66,1.0012
02-03-2024,22:52:59,61928.9,3426.83,,91.66,1.0012
02-03-2024,22:54:00,61928.9,3426.83,,91.66,1.0012
02-03-2024,22:55:01,61928.9,3426.83,0.7333,91.66,1.0012
02-03-2024,22:56:00,61882.7,3422.19,0.734,91.45,1.0011
02-03-2024,22:57:00,61882.7,3422.19,0.7344,91.45,1.0011
02-03-2024,22:58:00,61882.7,3422.19,0.7351,91.45,1.0011
02-03-2024,22:59:00,61882.7,3422.19,0.7373,91.45,1.0011
02-03-2024,22:59:59,61882.7,3422.19,0.7372,91.45,1.0011
02-03-2024,23:01:00,61926.1,3426.45,0.7368,91.6,1.0011
02-03-2024,23:01:59,61926.1,3426.45,0.7369,91.6,1.0011
02-03-2024,23:02:59,61926.1,3426.45,0.7367,91.6,1.0011
02-03-2024,23:03:59,61926.1,3426.45,0.7368,91.6,1.0011
02-03-2024,23:05:00,61926.1,3426.45,0.7364,91.6,1.0011
02-03-2024,23:05:59,61988.0,3429.14,0.7363,91.35,1.0011
02-03-2024,23:07:00,61988.0,3429.14,0.7361,91.35,1.0011
02-03-2024,23:08:00,61988.0,3429.14,0.7361,91.35,1.0011
02-03-2024,23:09:00,61988.0,3429.14,0.7369,91.35,1.0011
02-03-2024,23:09:59,61988.0,3429.14,0.7362,91.35,1.0011
02-03-2024,23:11:00,61952.4,3425.85,0.7362,91.38,1.0011
02-03-2024,23:12:00,61952.4,3425.85,0.7362,91.38,1.0011
02-03-2024,23:12:59,61952.4,3425.85,0.7364,91.38,1.0011
02-03-2024,23:14:00,61952.4,3425.85,0.7373,91.38,1.0011
02-03-2024,23:15:00,61952.4,3425.85,0.7372,91.38,1.0011
02-03-2024,23:16:00,61999.9,3429.14,0.737,91.41,1.0011
02-03-2024,23:17:00,61999.9,3429.14,0.7362,91.41,1.0011
02-03-2024,23:17:59,61999.9,3429.14,0.7362,91.41,1.0011
02-03-2024,23:19:00,61999.9,3429.14,0.7369,91.41,1.0011
02-03-2024,23:19:59,61999.9,3429.14,0.737,91.41,1.0011
02-03-2024,23:20:59,61954.6,3427.39,0.7369,91.22,1.0011
02-03-2024,23:22:00,61954.6,3427.39,0.7372,91.22,1.0011
02-03-2024,23:22:59,61954.6,3427.39,0.7358,91.22,1.0011
02-03-2024,23:23:59,61954.6,3427.39,0.7352,91.22,1.0011
02-03-2024,23:24:59,61954.6,3427.39,0.7351,91.22,1.0011
02-03-2024,23:26:00,61854.2,3421.31,0.7347,90.98,1.0011
02-03-2024,23:26:59,61854.2,3421.31,0.7347,90.98,1.0012
02-03-2024,23:27:59,61854.2,3421.31,0.7352,90.98,1.0012
02-03-2024,23:28:59,61854.2,3421.31,0.7351,90.98,1.0012
02-03-2024,23:29:59,61854.2,3421.31,0.7349,90.98,1.0012
02-03-2024,23:31:00,61830.8,3418.28,0.7349,91.18,1.0012
02-03-2024,23:31:58,61830.8,3418.28,0.7342,91.18,1.0012
02-03-2024,23:32:59,61830.8,3418.28,0.7342,91.18,1.0012
02-03-2024,23:34:00,61830.8,3418.28,0.7348,91.18,1.0012
02-03-2024,23:34:59,61830.8,3418.28,0.7335,91.18,1.0012
02-03-2024,23:36:00,61878.5,3421.59,0.734,91.54,1.0012
02-03-2024,23:37:00,61878.5,3421.59,0.7343,91.54,1.0012
02-03-2024,23:37:59,61878.5,3421.59,0.7348,91.54,1.0012
02-03-2024,23:39:00,61878.5,3421.59,0.7353,91.54,1.0012
02-03-2024,23:40:00,61878.5,3421.59,0.7343,91.54,1.0012
02-03-2024,23:40:59,61903.6,3422.56,0.7336,91.79,1.0012
02-03-2024,23:42:00,61903.6,3422.56,0.7335,91.79,1.0012
02-03-2024,23:43:00,61903.6,3422.56,0.7345,91.79,1.0012
02-03-2024,23:44:00,61903.6,3422.56,0.7347,91.79,1.0012
02-03-2024,23:45:04,61903.6,3422.56,0.7365,91.79,1.0012
02-03-2024,23:46:00,61939.6,3424.39,0.7363,92.03,1.0012
02-03-2024,23:47:00,61939.6,3424.39,0.7374,92.03,1.0012
02-03-2024,23:48:00,61939.6,3424.39,0.7374,92.03,1.0012
02-03-2024,23:48:59,61939.6,3424.39,0.7369,92.03,1.0012
02-03-2024,23:49:59,61939.6,3424.39,0.7371,92.03,1.0012
02-03-2024,23:50:59,62001.8,3428.8,0.7383,92.76,1.0012
02-03-2024,23:51:59,62001.8,3428.8,0.7383,92.76,1.0012
02-03-2024,23:53:00,62001.8,3428.8,0.7375,92.76,1.0012
02-03-2024,23:54:01,62001.8,3428.8,0.737,92.76,1.0011
02-03-2024,23:55:01,62001.8,3428.8,0.7375,92.76,1.0011
02-03-2024,23:56:00,61984.2,3429.95,0.7375,92.76,1.0011
02-03-2024,23:57:00,61984.2,3429.95,0.7379,92.76,1.0011
02-03-2024,23:58:00,61984.2,3429.95,0.7379,92.76,1.0011
02-03-2024,23:58:59,61984.2,3429.95,0.7392,92.76,1.0011
04-03-2024,21:34:59,66550.3,3562.7,0.7856,90.4,1.001
04-03-2024,21:36:00,66448.8,3562.54,0.7872,90.44,1.001
04-03-2024,21:36:59,66448.8,3562.54,0.7861,90.44,1.001
04-03-2024,21:38:01,66448.8,3562.54,0.7852,90.44,1.001
04-03-2024,21:38:59,66448.8,3562.54,0.7836,90.44,1.0011
04-03-2024,21:40:16,66448.8,3568.64,0.7825,90.65,1.0011
04-03-2024,21:40:59,66638.5,3568.64,0.7842,90.65,1.0011
04-03-2024,21:41:59,66638.5,3568.64,0.7834,90.65,1.0011
04-03-2024,21:42:58,66638.5,3568.64,0.7832,90.65,1.0011
04-03-2024,21:43:59,,3568.64,0.7809,90.65,1.0011
04-03-2024,21:45:00,66638.5,3568.64,0.7803,90.65,1.0011
04-03-2024,21:45:58,66859.6,3574.94,0.7804,90.83,1.0011
04-03-2024,21:46:59,66859.6,3574.94,0.7832,90.83,1.0012
04-03-2024,21:48:00,66859.6,3574.94,0.7835,90.83,1.0011
04-03-2024,21:49:00,66859.6,3574.94,0.7849,90.83,1.0011
04-03-2024,21:49:59,66859.6,3574.94,0.7843,90.83,1.0011
04-03-2024,21:50:59,66782.9,3566.74,0.7851,90.67,1.0011
04-03-2024,21:52:00,66782.9,3566.74,0.7854,90.67,1.001
04-03-2024,21:53:00,66782.9,3566.74,0.7858,90.67,1.001
04-03-2024,21:53:59,66782.9,3566.74,0.7864,90.67,1.0009
04-03-2024,21:54:59,66782.9,3566.74,0.7869,90.67,1.001
04-03-2024,21:55:59,66559.2,3562.21,0.7869,90.51,1.001
04-03-2024,21:57:00,66559.2,3562.21,0.7862,90.51,1.001
04-03-2024,21:57:59,66559.2,3562.21,0.7852,90.51,1.001
04-03-2024,21:58:59,66559.2,3562.21,0.7855,90.51,1.001
04-03-2024,21:59:59,66559.2,3562.21,0.7827,90.51,1.001
04-03-2024,22:01:00,66433.4,3551.13,0.7816,90.26,1.001
11-03-2024,23:13:59,72511.3,4051.89,0.7586,105.04,1.0009
11-03-2024,23:14:59,72511.3,4051.89,0.7588,105.04,1.001
11-03-2024,23:16:00,72503.5,4041.02,0.7589,104.91,1.001
11-03-2024,23:16:59,72503.5,4041.02,0.7609,104.91,1.001
11-03-2024,23:18:00,72503.5,4041.02,0.7601,104.91,1.001
11-03-2024,23:19:00,72503.5,4041.02,0.76,104.91,1.001
11-03-2024,23:19:59,72503.5,4041.02,0.7598,104.91,1.001
11-03-2024,23:20:59,72539.7,4042.28,0.7602,104.82,1.0011
11-03-2024,23:22:01,72539.7,4042.28,0.7602,104.82,1.001
11-03-2024,23:22:59,72539.7,4042.28,0.7604,104.82,1.0011
11-03-2024,23:23:59,72539.7,4042.28,0.7643,104.82,1.0011
